/*
SQLyog Ultimate v11.11 (64 bit)
MySQL - 5.7.40 : Database - jkmpg7ol_monedero
*********************************************************************
*/

/*!40101 SET NAMES utf8 */;

/*!40101 SET SQL_MODE=''*/;

/*!40014 SET @OLD_UNIQUE_CHECKS=@@UNIQUE_CHECKS, UNIQUE_CHECKS=0 */;
/*!40014 SET @OLD_FOREIGN_KEY_CHECKS=@@FOREIGN_KEY_CHECKS, FOREIGN_KEY_CHECKS=0 */;
/*!40101 SET @OLD_SQL_MODE=@@SQL_MODE, SQL_MODE='NO_AUTO_VALUE_ON_ZERO' */;
/*!40111 SET @OLD_SQL_NOTES=@@SQL_NOTES, SQL_NOTES=0 */;
CREATE DATABASE /*!32312 IF NOT EXISTS*/`jkmpg7ol_monedero` /*!40100 DEFAULT CHARACTER SET utf8 */;

USE `jkmpg7ol_monedero`;

/*Table structure for table `abonos` */

DROP TABLE IF EXISTS `abonos`;

CREATE TABLE `abonos` (
  `IDabono` int(11) NOT NULL AUTO_INCREMENT,
  `IDclienteAbono` int(11) NOT NULL,
  `fecha` datetime DEFAULT NULL,
  `importeabono` double DEFAULT NULL,
  `formapago` int(11) DEFAULT NULL,
  `bancodestino` varchar(20) DEFAULT NULL,
  `cuentabancaria` varchar(20) DEFAULT NULL,
  `referencia` varchar(20) DEFAULT NULL,
  `concepto` text,
  `importedisponibleabono` double DEFAULT NULL,
  `quemado` int(11) DEFAULT '0',
  PRIMARY KEY (`IDabono`),
  KEY `IDcliente` (`IDclienteAbono`)
) ENGINE=MyISAM AUTO_INCREMENT=117 DEFAULT CHARSET=utf8;

/*Data for the table `abonos` */

insert  into `abonos`(`IDabono`,`IDclienteAbono`,`fecha`,`importeabono`,`formapago`,`bancodestino`,`cuentabancaria`,`referencia`,`concepto`,`importedisponibleabono`,`quemado`) values (116,145,'2022-08-23 13:03:17',50,1,'1','1','na','na',50,0),(115,145,'2022-08-23 13:00:10',103,1,'1','1','ref','na',103,0),(114,147,'2022-08-23 11:33:08',42000,1,'','','TRANSFERENCIA ','TRANSFERENCIA ',31238.78,1),(113,148,'2022-08-23 11:32:44',43000,1,'','','TRANSFERENCIA ','TRANSFERENCIA ',24401.55,1),(112,149,'2022-08-23 11:32:10',167000,1,'1','1','TRANSFERENCIA ','TRANSFERENCIA ',167000,0),(111,156,'2022-09-01 14:24:22',4000,1,'1','1','TRANSFERENCIA ','COMPRA GASOLINA',22.16,1),(107,145,'2022-05-27 18:01:36',10000,1,'1','1','10000','10000',8587,0);

/*Table structure for table `bancos` */

DROP TABLE IF EXISTS `bancos`;

CREATE TABLE `bancos` (
  `idbanco` int(11) NOT NULL,
  `banco` varchar(30) DEFAULT NULL,
  `nocta` varchar(30) DEFAULT NULL,
  PRIMARY KEY (`idbanco`)
) ENGINE=MyISAM DEFAULT CHARSET=utf8;

/*Data for the table `bancos` */

/*Table structure for table `bitacora` */

DROP TABLE IF EXISTS `bitacora`;

CREATE TABLE `bitacora` (
  `id` int(11) NOT NULL AUTO_INCREMENT,
  `fecha` datetime NOT NULL,
  `tipo` int(11) NOT NULL,
  `idcliente` int(11) NOT NULL,
  `descripcion` text NOT NULL,
  `tarjeta` varchar(20) DEFAULT NULL,
  PRIMARY KEY (`id`)
) ENGINE=MyISAM AUTO_INCREMENT=5054 DEFAULT CHARSET=utf8;

/*Data for the table `bitacora` */

insert  into `bitacora`(`id`,`fecha`,`tipo`,`idcliente`,`descripcion`,`tarjeta`) values (5053,'2022-10-13 17:26:44',3,156,'Se realizó un servicio: 41.62 Litros de PEMEX MAGNA Importe $936.00',NULL),(5052,'2022-10-13 17:25:38',8,156,'Autorizacion por NIP realizada correctamente','4025000055024864'),(5051,'2022-10-12 18:42:09',8,148,'Autorizacion por NIP realizada correctamente','4025000084678814'),(5050,'2022-10-12 18:42:08',8,148,'Autorizacion por NIP realizada correctamente','4025000084678814'),(5049,'2022-10-11 20:42:05',3,147,'Se realizó un servicio: 29.23 Litros de PEMEX PREMIUM Importe $700.00',NULL),(5048,'2022-10-11 20:41:44',8,147,'Autorizacion por NIP realizada correctamente','4025000051604314'),(5047,'2022-10-10 13:08:13',10,148,'Se ha iniciado sesión: ',NULL),(5046,'2022-10-08 15:33:04',3,147,'Se realizó un servicio: 20.88 Litros de PEMEX PREMIUM Importe $500.00',NULL),(5045,'2022-10-08 15:32:22',8,147,'Autorizacion por NIP realizada correctamente','4025000030440134'),(5044,'2022-10-07 12:18:45',3,148,'Se realizó un servicio: 51.92 Litros de PEMEX PREMIUM Importe $1,243.48',NULL),(5042,'2022-10-06 11:50:25',2,148,'155',NULL),(5043,'2022-10-07 12:18:08',8,148,'Autorizacion por NIP realizada correctamente','4025000055282454'),(5041,'2022-10-06 11:50:25',3,148,'Se realizó un servicio: 23.24 Litros de PEMEX MAGNA Importe $522.66',NULL),(5040,'2022-10-06 11:49:47',8,148,'Autorizacion por NIP realizada correctamente','4025000018166774'),(5039,'2022-10-06 11:49:43',8,148,'Autorizacion por NIP realizada correctamente','4025000018166774'),(5038,'2022-10-06 11:49:43',8,148,'Autorizacion por NIP realizada correctamente','4025000018166774'),(5037,'2022-10-06 11:49:43',8,148,'Autorizacion por NIP realizada correctamente','4025000018166774'),(5036,'2022-10-06 11:49:42',8,148,'Autorizacion por NIP realizada correctamente','4025000018166774'),(5035,'2022-10-06 11:49:42',8,148,'Autorizacion por NIP realizada correctamente','4025000018166774'),(5034,'2022-10-06 11:49:42',8,148,'Autorizacion por NIP realizada correctamente','4025000018166774'),(5033,'2022-10-06 11:49:35',8,148,'Autorizacion por NIP realizada correctamente','4025000018166774'),(5032,'2022-10-06 11:49:32',8,148,'Autorizacion por NIP realizada correctamente','4025000018166774'),(5031,'2022-10-05 15:22:22',3,148,'Se realizó un servicio: 13.34 Litros de PEMEX MAGNA Importe $300.00',NULL),(5030,'2022-10-05 15:22:08',8,148,'Autorizacion por NIP realizada correctamente','4025000013767144'),(5029,'2022-10-05 12:37:20',3,148,'Se realizó un servicio: 31.12 Litros de PEMEX MAGNA Importe $700.00',NULL),(5028,'2022-10-05 12:37:03',8,148,'Autorizacion por NIP realizada correctamente','4025000088807225'),(5027,'2022-10-05 10:50:14',10,148,'Se ha iniciado sesión: ',NULL),(5026,'2022-10-05 10:44:30',10,148,'Se ha iniciado sesión: ',NULL),(5025,'2022-10-05 10:34:29',10,148,'Se ha iniciado sesión: ',NULL),(5024,'2022-10-04 15:10:21',3,148,'Se realizó un servicio: 13.34 Litros de PEMEX MAGNA Importe $300.00',NULL),(5023,'2022-10-04 15:10:09',8,148,'Autorizacion por NIP realizada correctamente','4025000033383774'),(5022,'2022-10-04 13:26:41',3,145,'Se realizó un servicio: 0.42 Litros de PEMEX PREMIUM Importe $10.00',NULL),(5021,'2022-10-04 13:26:10',2,145,'194',NULL),(5020,'2022-10-04 11:33:35',2,148,'163',NULL),(5019,'2022-10-04 11:33:35',3,148,'Se realizó un servicio: 32.90 Litros de PEMEX MAGNA Importe $739.92',NULL),(5018,'2022-10-04 11:31:39',8,148,'Autorizacion por NIP realizada correctamente','4025000045702324'),(5017,'2022-10-04 11:31:39',8,148,'Autorizacion por NIP realizada correctamente','4025000045702324'),(5016,'2022-10-04 11:31:28',8,148,'Autorizacion por NIP realizada correctamente','4025000045702324'),(5015,'2022-10-04 10:04:01',10,148,'Se ha iniciado sesión: ',NULL),(5014,'2022-10-04 09:48:58',10,148,'Se ha iniciado sesión: ',NULL),(5013,'2022-10-04 09:48:58',10,148,'Se ha iniciado sesión: ',NULL),(5012,'2022-10-03 09:39:55',10,148,'Se ha iniciado sesión: ',NULL),(5011,'2022-10-02 14:19:49',8,156,'Autorizacion por NIP realizada correctamente','4025000055024864'),(5010,'2022-10-02 14:13:57',8,156,'Autorizacion por NIP realizada correctamente','4025000055024864'),(5009,'2022-10-02 14:13:57',8,156,'Autorizacion por NIP realizada correctamente','4025000055024864'),(5008,'2022-10-02 14:13:54',8,156,'Autorizacion por NIP realizada correctamente','4025000055024864'),(5007,'2022-10-01 17:26:14',3,147,'Se realizó un servicio: 22.23 Litros de PEMEX MAGNA Importe $500.00',NULL),(5006,'2022-10-01 17:25:49',8,147,'Autorizacion por NIP realizada correctamente','4025000057817524'),(5005,'2022-10-01 12:15:45',2,148,'158',NULL),(5004,'2022-10-01 12:15:45',3,148,'Se realizó un servicio: 28.66 Litros de PEMEX MAGNA Importe $644.56',NULL),(5003,'2022-10-01 12:10:40',8,148,'Autorizacion por NIP realizada correctamente','4025000084678814'),(5002,'2022-10-01 09:38:46',3,156,'Se realizó un servicio: 39.37 Litros de PEMEX PREMIUM Importe $943.00',NULL),(5001,'2022-09-30 17:20:20',10,148,'Se ha iniciado sesión: ',NULL),(5000,'2022-09-29 13:40:20',10,148,'Se ha iniciado sesión: ',NULL),(4999,'2022-09-29 13:16:58',10,148,'Se ha iniciado sesión: ',NULL),(4998,'2022-09-29 12:33:57',10,148,'Se ha iniciado sesión: ',NULL),(4997,'2022-09-29 12:23:10',10,148,'Se ha iniciado sesión: ',NULL),(4996,'2022-09-29 12:19:12',10,148,'Se ha iniciado sesión: ',NULL),(4995,'2022-09-28 12:39:27',1,156,'4025000061801674',NULL),(4994,'2022-09-28 12:39:15',1,156,'4025000061801674',NULL),(4993,'2022-09-28 11:10:19',8,148,'Autorizacion por NIP realizada correctamente','4025000052707004'),(4992,'2022-09-28 11:10:10',8,148,'Autorizacion por NIP realizada correctamente','4025000052707004'),(4991,'2022-09-28 11:09:52',2,148,'165',NULL),(4989,'2022-09-28 11:08:22',2,148,'165',NULL),(4990,'2022-09-28 11:09:52',3,148,'Se realizó un servicio: 5.79 Litros de PEMEX DIESEL Importe $139.00',NULL),(4988,'2022-09-28 11:08:22',3,148,'Se realizó un servicio: 5.79 Litros de PEMEX DIESEL Importe $139.00',NULL),(4987,'2022-09-28 11:07:28',8,148,'Autorizacion por NIP realizada correctamente','4025000052707004'),(4986,'2022-09-28 11:07:28',8,148,'Autorizacion por NIP realizada correctamente','4025000052707004'),(4985,'2022-09-28 11:07:28',8,148,'Autorizacion por NIP realizada correctamente','4025000052707004'),(4984,'2022-09-28 11:07:28',8,148,'Autorizacion por NIP realizada correctamente','4025000052707004'),(4983,'2022-09-28 11:07:28',8,148,'Autorizacion por NIP realizada correctamente','4025000052707004'),(4982,'2022-09-28 11:07:17',8,148,'Autorizacion por NIP realizada correctamente','4025000052707004'),(4981,'2022-09-28 11:06:45',8,148,'Autorizacion por NIP realizada correctamente','4025000052707004'),(4980,'2022-09-28 10:50:12',1,147,'4025000051604314',NULL),(4979,'2022-09-28 10:36:54',8,156,'Autorizacion por NIP realizada correctamente','4025000061801674'),(4978,'2022-09-28 10:36:42',8,156,'Autorizacion por NIP realizada correctamente','4025000061801674'),(4977,'2022-09-28 10:08:26',8,156,'Autorizacion por NIP realizada correctamente','4025000061801674'),(4976,'2022-09-28 10:08:07',8,156,'Autorizacion por NIP realizada correctamente','4025000061801674'),(4975,'2022-09-28 09:48:16',10,148,'Se ha iniciado sesión: ',NULL),(4974,'2022-09-28 09:39:21',8,156,'Autorizacion por NIP realizada correctamente','4025000061801674'),(4973,'2022-09-27 13:02:13',3,148,'Se realizó un servicio: 62.59 Litros de PEMEX PREMIUM Importe $1,401.46',NULL),(4972,'2022-09-27 12:58:09',1,148,'4025000055282454',NULL),(4971,'2022-09-27 12:44:58',10,148,'Se ha iniciado sesión: ',NULL),(4970,'2022-09-27 12:32:26',8,148,'Autorizacion por NIP realizada correctamente','4025000055282454'),(4969,'2022-09-27 12:31:50',8,148,'Autorizacion por NIP realizada correctamente','4025000055282454'),(4968,'2022-09-26 16:50:41',10,148,'Se ha iniciado sesión: ',NULL),(4967,'2022-09-26 13:05:40',2,148,'158',NULL),(4966,'2022-09-26 13:05:40',3,148,'Se realizó un servicio: 27.29 Litros de PEMEX MAGNA Importe $600.00',NULL),(4965,'2022-09-26 12:54:57',8,148,'Autorizacion por NIP realizada correctamente','4025000084678814'),(4964,'2022-09-26 12:53:36',8,148,'Autorizacion por NIP realizada correctamente','4025000084678814'),(4963,'2022-09-26 12:53:36',8,148,'Autorizacion por NIP realizada correctamente','4025000084678814'),(4962,'2022-09-26 12:53:22',9,148,'Autorizacion por NIP fallida','4025000084678814'),(4961,'2022-09-24 09:45:38',10,148,'Se ha iniciado sesión: ',NULL),(4960,'2022-09-22 19:47:12',8,148,'Autorizacion por NIP realizada correctamente','4025000088807225'),(4959,'2022-09-22 19:47:12',8,148,'Autorizacion por NIP realizada correctamente','4025000088807225'),(4958,'2022-09-22 19:47:03',8,148,'Autorizacion por NIP realizada correctamente','4025000088807225'),(4957,'2022-09-22 19:45:14',8,148,'Autorizacion por NIP realizada correctamente','4025000088807225'),(4956,'2022-09-22 19:44:56',3,148,'Se realizó un servicio: 27.29 Litros de PEMEX MAGNA Importe $600.00',NULL),(4955,'2022-09-22 19:44:21',8,148,'Autorizacion por NIP realizada correctamente','4025000088807225'),(4954,'2022-09-22 15:26:54',3,147,'Se realizó un servicio: 43.97 Litros de PEMEX PREMIUM Importe $984.43',NULL),(4953,'2022-09-22 15:26:19',8,147,'Autorizacion por NIP realizada correctamente','4025000016150484'),(4952,'2022-09-22 15:25:54',3,147,'Se realizó un servicio: 43.97 Litros de PEMEX PREMIUM Importe $984.43',NULL),(4951,'2022-09-22 15:25:21',8,147,'Autorizacion por NIP realizada correctamente','4025000016150484'),(4950,'2022-09-22 15:25:20',8,147,'Autorizacion por NIP realizada correctamente','4025000016150484'),(4949,'2022-09-22 15:25:09',8,147,'Autorizacion por NIP realizada correctamente','4025000016150484'),(4947,'2022-09-22 13:09:41',2,148,'158',NULL),(4948,'2022-09-22 15:25:08',8,147,'Autorizacion por NIP realizada correctamente','4025000016150484'),(4946,'2022-09-22 13:09:41',3,148,'Se realizó un servicio: 13.64 Litros de PEMEX MAGNA Importe $300.00',NULL),(4939,'2022-09-21 10:34:21',8,147,'Autorizacion por NIP realizada correctamente','4025000051604314'),(4945,'2022-09-22 13:09:10',8,148,'Autorizacion por NIP realizada correctamente','4025000084678814'),(4944,'2022-09-21 10:38:29',3,147,'Se realizó un servicio: 18.19 Litros de PEMEX MAGNA Importe $400.00',NULL),(4943,'2022-09-21 10:34:23',8,147,'Autorizacion por NIP realizada correctamente','4025000051604314'),(4942,'2022-09-21 10:34:22',8,147,'Autorizacion por NIP realizada correctamente','4025000051604314'),(4941,'2022-09-21 10:34:21',8,147,'Autorizacion por NIP realizada correctamente','4025000051604314'),(4940,'2022-09-21 10:34:21',8,147,'Autorizacion por NIP realizada correctamente','4025000051604314'),(4938,'2022-09-21 10:34:19',8,147,'Autorizacion por NIP realizada correctamente','4025000051604314'),(4937,'2022-09-21 10:34:19',8,147,'Autorizacion por NIP realizada correctamente','4025000051604314'),(4936,'2022-09-21 10:34:19',8,147,'Autorizacion por NIP realizada correctamente','4025000051604314'),(4934,'2022-09-21 10:34:10',8,147,'Autorizacion por NIP realizada correctamente','4025000051604314'),(4935,'2022-09-21 10:34:19',8,147,'Autorizacion por NIP realizada correctamente','4025000051604314'),(4933,'2022-09-21 10:34:08',8,147,'Autorizacion por NIP realizada correctamente','4025000051604314'),(4932,'2022-09-21 10:34:07',8,147,'Autorizacion por NIP realizada correctamente','4025000051604314'),(4931,'2022-09-21 10:34:07',8,147,'Autorizacion por NIP realizada correctamente','4025000051604314'),(4930,'2022-09-21 10:34:06',8,147,'Autorizacion por NIP realizada correctamente','4025000051604314'),(4929,'2022-09-19 20:41:24',2,148,'168',NULL),(4928,'2022-09-19 20:41:24',3,148,'Se realizó un servicio: 27.29 Litros de PEMEX MAGNA Importe $600.00',NULL),(4927,'2022-09-19 20:41:09',8,148,'Autorizacion por NIP realizada correctamente','4025000041451564'),(4925,'2022-09-19 16:58:56',2,148,'165',NULL),(4926,'2022-09-19 20:40:33',8,148,'Autorizacion por NIP realizada correctamente','4025000041451564'),(4924,'2022-09-19 16:58:56',3,148,'Se realizó un servicio: 6.97 Litros de PEMEX MAGNA Importe $153.20',NULL),(4923,'2022-09-19 16:58:22',8,148,'Autorizacion por NIP realizada correctamente','4025000052707004'),(4922,'2022-09-17 16:23:27',8,147,'Autorizacion por NIP realizada correctamente','4025000057817524'),(4921,'2022-09-17 16:23:27',8,147,'Autorizacion por NIP realizada correctamente','4025000057817524'),(4920,'2022-09-17 16:23:27',8,147,'Autorizacion por NIP realizada correctamente','4025000057817524'),(4919,'2022-09-17 16:23:26',8,147,'Autorizacion por NIP realizada correctamente','4025000057817524'),(4918,'2022-09-17 16:23:26',8,147,'Autorizacion por NIP realizada correctamente','4025000057817524'),(4917,'2022-09-17 16:23:26',8,147,'Autorizacion por NIP realizada correctamente','4025000057817524'),(4916,'2022-09-17 16:23:14',8,147,'Autorizacion por NIP realizada correctamente','4025000057817524'),(4915,'2022-09-17 16:20:55',3,147,'Se realizó un servicio: 53.73 Litros de PEMEX DIESEL Importe $1,289.06',NULL),(4914,'2022-09-17 16:20:20',8,147,'Autorizacion por NIP realizada correctamente','4025000057817524'),(4913,'2022-09-17 14:24:08',10,148,'Se ha iniciado sesión: ',NULL),(4912,'2022-09-17 12:59:46',10,148,'Se ha iniciado sesión: ',NULL),(4911,'2022-09-17 09:45:42',10,148,'Se ha iniciado sesión: ',NULL),(4910,'2022-09-15 20:36:03',3,147,'Se realizó un servicio: 27.29 Litros de PEMEX MAGNA Importe $600.00',NULL),(4909,'2022-09-15 20:35:39',8,147,'Autorizacion por NIP realizada correctamente','4025000051604314'),(4907,'2022-09-15 20:35:26',1,147,'4025000051604314',NULL),(4908,'2022-09-15 20:35:38',8,147,'Autorizacion por NIP realizada correctamente','4025000051604314'),(4906,'2022-09-15 20:35:26',9,147,'Autorizacion por NIP fallida','4025000051604314'),(4905,'2022-09-15 20:35:26',9,147,'Autorizacion por NIP fallida','4025000051604314'),(4904,'2022-09-15 20:35:14',9,147,'Autorizacion por NIP fallida','4025000051604314'),(4903,'2022-09-15 20:33:49',8,147,'Autorizacion por NIP realizada correctamente','4025000051604314'),(4902,'2022-09-15 20:33:49',8,147,'Autorizacion por NIP realizada correctamente','4025000051604314'),(4901,'2022-09-15 20:33:49',8,147,'Autorizacion por NIP realizada correctamente','4025000051604314'),(4900,'2022-09-15 20:33:37',8,147,'Autorizacion por NIP realizada correctamente','4025000051604314'),(4899,'2022-09-15 14:23:14',10,148,'Se ha iniciado sesión: ',NULL),(4898,'2022-09-15 11:00:56',2,148,'158',NULL),(4897,'2022-09-15 11:00:56',3,148,'Se realizó un servicio: 30.59 Litros de PEMEX MAGNA Importe $672.67',NULL),(4896,'2022-09-15 11:00:17',8,148,'Autorizacion por NIP realizada correctamente','4025000084678814'),(4895,'2022-09-15 11:00:05',8,148,'Autorizacion por NIP realizada correctamente','4025000084678814'),(4894,'2022-09-15 11:00:05',8,148,'Autorizacion por NIP realizada correctamente','4025000084678814'),(4893,'2022-09-14 18:15:29',10,148,'Se ha iniciado sesión: ',NULL),(4892,'2022-09-14 18:15:22',10,148,'Se ha iniciado sesión: ',NULL),(4891,'2022-09-14 18:14:42',10,148,'Se ha iniciado sesión: ',NULL),(4890,'2022-09-14 18:14:24',10,148,'Se ha iniciado sesión: ',NULL),(4889,'2022-09-14 18:14:09',10,148,'Se ha iniciado sesión: ',NULL),(4888,'2022-09-14 18:13:58',10,148,'Se ha iniciado sesión: ',NULL),(4887,'2022-09-14 18:13:38',10,148,'Se ha iniciado sesión: ',NULL),(4886,'2022-09-14 18:10:39',3,148,'Se realizó un servicio: 52.18 Litros de PEMEX MAGNA Importe $1,147.39',NULL),(4885,'2022-09-14 18:09:57',10,148,'Se ha iniciado sesión: ',NULL),(4884,'2022-09-14 18:09:45',8,148,'Autorizacion por NIP realizada correctamente','4025000055282454'),(4883,'2022-09-14 18:09:45',8,148,'Autorizacion por NIP realizada correctamente','4025000055282454'),(4882,'2022-09-14 18:09:45',8,148,'Autorizacion por NIP realizada correctamente','4025000055282454'),(4881,'2022-09-14 18:09:45',8,148,'Autorizacion por NIP realizada correctamente','4025000055282454'),(4880,'2022-09-14 18:09:45',8,148,'Autorizacion por NIP realizada correctamente','4025000055282454'),(4879,'2022-09-14 18:09:45',8,148,'Autorizacion por NIP realizada correctamente','4025000055282454'),(4878,'2022-09-14 18:09:35',8,148,'Autorizacion por NIP realizada correctamente','4025000055282454'),(4877,'2022-09-14 18:04:49',10,148,'Se ha iniciado sesión: ',NULL),(4876,'2022-09-14 18:02:22',10,148,'Se ha iniciado sesión: ',NULL),(4875,'2022-09-14 18:01:49',10,148,'Se ha iniciado sesión: ',NULL),(4874,'2022-09-14 18:01:25',10,148,'Se ha iniciado sesión: ',NULL),(4873,'2022-09-14 18:00:26',10,148,'Se ha iniciado sesión: ',NULL),(4872,'2022-09-14 17:59:39',10,148,'Se ha iniciado sesión: ',NULL),(4871,'2022-09-14 15:15:30',10,148,'Se ha iniciado sesión: ',NULL),(4870,'2022-09-14 15:14:08',10,148,'Se ha iniciado sesión: ',NULL),(4869,'2022-09-14 14:25:31',10,145,'Se ha iniciado sesión: ',NULL),(4868,'2022-09-14 13:16:52',8,156,'Autorizacion por NIP realizada correctamente','4025000061801674'),(4867,'2022-09-14 13:15:57',3,156,'Se realizó un servicio: 0.04 Litros de PEMEX PREMIUM Importe $1.00',NULL),(4866,'2022-09-14 13:15:29',8,156,'Autorizacion por NIP realizada correctamente','4025000061801674'),(4865,'2022-09-14 13:09:01',3,156,'Se realizó un servicio: 0.04 Litros de PEMEX PREMIUM Importe $1.00',NULL),(4864,'2022-09-14 13:08:51',8,156,'Autorizacion por NIP realizada correctamente','4025000061801674'),(4863,'2022-09-14 13:02:46',8,156,'Autorizacion por NIP realizada correctamente','4025000061801674'),(4862,'2022-09-14 09:19:47',3,147,'Se realizó un servicio: 22.33 Litros de PEMEX PREMIUM Importe $500.00',NULL),(4861,'2022-09-14 09:19:17',8,147,'Autorizacion por NIP realizada correctamente','4025000030440134'),(4860,'2022-09-14 09:19:17',8,147,'Autorizacion por NIP realizada correctamente','4025000030440134'),(4859,'2022-09-14 09:19:17',8,147,'Autorizacion por NIP realizada correctamente','4025000030440134'),(4858,'2022-09-14 09:19:17',8,147,'Autorizacion por NIP realizada correctamente','4025000030440134'),(4857,'2022-09-14 09:19:11',8,147,'Autorizacion por NIP realizada correctamente','4025000030440134'),(4856,'2022-09-14 09:19:04',8,147,'Autorizacion por NIP realizada correctamente','4025000030440134'),(4855,'2022-09-13 18:18:41',3,156,'Se realizó un servicio: 0.04 Litros de PEMEX PREMIUM Importe $1.00',NULL),(4854,'2022-09-13 18:18:23',8,156,'Autorizacion por NIP realizada correctamente','4025000061801674'),(4853,'2022-09-13 13:16:41',3,147,'Se realizó un servicio: 54.20 Litros de PEMEX PREMIUM Importe $1,213.52',NULL),(4852,'2022-09-13 13:12:04',8,147,'Autorizacion por NIP realizada correctamente','4025000048076884'),(4851,'2022-09-13 12:25:51',3,148,'Se realizó un servicio: 31.83 Litros de PEMEX MAGNA Importe $700.00',NULL),(4850,'2022-09-13 12:23:07',8,148,'Autorizacion por NIP realizada correctamente','4025000088807225'),(4849,'2022-09-13 10:20:20',3,156,'Se realizó un servicio: 47.19 Litros de PEMEX PREMIUM Importe $1,056.52',NULL),(4848,'2022-09-12 15:26:09',3,148,'Se realizó un servicio: 9.10 Litros de PEMEX MAGNA Importe $200.00',NULL),(4847,'2022-09-12 15:25:56',3,148,'Se realizó un servicio: 9.10 Litros de PEMEX MAGNA Importe $200.00',NULL),(4846,'2022-09-12 15:25:46',8,148,'Autorizacion por NIP realizada correctamente','4025000033383774'),(4845,'2022-09-12 15:25:46',8,148,'Autorizacion por NIP realizada correctamente','4025000033383774'),(4844,'2022-09-12 15:25:46',8,148,'Autorizacion por NIP realizada correctamente','4025000033383774'),(4843,'2022-09-12 15:25:45',8,148,'Autorizacion por NIP realizada correctamente','4025000033383774'),(4842,'2022-09-12 15:25:45',8,148,'Autorizacion por NIP realizada correctamente','4025000033383774'),(4841,'2022-09-12 15:25:45',8,148,'Autorizacion por NIP realizada correctamente','4025000033383774'),(4840,'2022-09-12 15:25:32',8,148,'Autorizacion por NIP realizada correctamente','4025000033383774'),(4839,'2022-09-12 15:25:32',8,148,'Autorizacion por NIP realizada correctamente','4025000033383774'),(4838,'2022-09-12 15:25:32',8,148,'Autorizacion por NIP realizada correctamente','4025000033383774'),(4837,'2022-09-10 17:06:06',3,147,'Se realizó un servicio: 31.83 Litros de PEMEX MAGNA Importe $700.00',NULL),(4836,'2022-09-10 17:05:39',8,147,'Autorizacion por NIP realizada correctamente','4025000051604314'),(4835,'2022-09-10 17:05:39',8,147,'Autorizacion por NIP realizada correctamente','4025000051604314'),(4834,'2022-09-10 17:05:39',8,147,'Autorizacion por NIP realizada correctamente','4025000051604314'),(4833,'2022-09-10 17:05:26',8,147,'Autorizacion por NIP realizada correctamente','4025000051604314'),(4832,'2022-09-10 12:01:07',2,148,'158',NULL),(4831,'2022-09-10 12:01:07',3,148,'Se realizó un servicio: 34.83 Litros de PEMEX MAGNA Importe $765.91',NULL),(4830,'2022-09-10 11:56:53',8,148,'Autorizacion por NIP realizada correctamente','4025000084678814'),(4829,'2022-09-10 11:56:52',8,148,'Autorizacion por NIP realizada correctamente','4025000084678814'),(4827,'2022-09-10 11:56:52',8,148,'Autorizacion por NIP realizada correctamente','4025000084678814'),(4828,'2022-09-10 11:56:52',8,148,'Autorizacion por NIP realizada correctamente','4025000084678814'),(4826,'2022-09-10 11:56:40',8,148,'Autorizacion por NIP realizada correctamente','4025000084678814'),(4825,'2022-09-10 11:56:40',8,148,'Autorizacion por NIP realizada correctamente','4025000084678814'),(4824,'2022-09-09 20:49:13',3,156,'Se realizó un servicio: 47.40 Litros de PEMEX MAGNA Importe $1,042.32',NULL),(4823,'2022-09-09 20:48:57',8,156,'Autorizacion por NIP realizada correctamente','4025000055024864'),(4821,'2022-09-09 20:41:02',8,147,'Autorizacion por NIP realizada correctamente','4025000030440134'),(4822,'2022-09-09 20:41:16',3,147,'Se realizó un servicio: 22.33 Litros de PEMEX PREMIUM Importe $500.00',NULL),(4820,'2022-09-09 18:57:08',2,148,'168',NULL),(4819,'2022-09-09 18:57:08',3,148,'Se realizó un servicio: 31.83 Litros de PEMEX MAGNA Importe $700.00',NULL),(4818,'2022-09-09 18:55:47',8,148,'Autorizacion por NIP realizada correctamente','4025000041451564'),(4817,'2022-09-09 18:55:47',8,148,'Autorizacion por NIP realizada correctamente','4025000041451564'),(4816,'2022-09-09 18:55:47',8,148,'Autorizacion por NIP realizada correctamente','4025000041451564'),(4815,'2022-09-09 18:55:47',8,148,'Autorizacion por NIP realizada correctamente','4025000041451564'),(4814,'2022-09-09 18:55:47',8,148,'Autorizacion por NIP realizada correctamente','4025000041451564'),(4813,'2022-09-09 18:55:47',8,148,'Autorizacion por NIP realizada correctamente','4025000041451564'),(4811,'2022-09-09 18:54:23',8,148,'Autorizacion por NIP realizada correctamente','4025000041451564'),(4812,'2022-09-09 18:55:34',8,148,'Autorizacion por NIP realizada correctamente','4025000041451564'),(4810,'2022-09-09 18:54:23',8,148,'Autorizacion por NIP realizada correctamente','4025000041451564'),(4809,'2022-09-09 18:54:23',8,148,'Autorizacion por NIP realizada correctamente','4025000041451564'),(4807,'2022-09-09 18:54:10',8,148,'Autorizacion por NIP realizada correctamente','4025000041451564'),(4808,'2022-09-09 18:54:10',8,148,'Autorizacion por NIP realizada correctamente','4025000041451564'),(4806,'2022-09-09 18:53:32',8,148,'Autorizacion por NIP realizada correctamente','4025000041451564'),(4805,'2022-09-09 18:53:32',8,148,'Autorizacion por NIP realizada correctamente','4025000041451564'),(4804,'2022-09-09 18:53:31',8,148,'Autorizacion por NIP realizada correctamente','4025000041451564'),(4802,'2022-09-09 18:53:31',8,148,'Autorizacion por NIP realizada correctamente','4025000041451564'),(4803,'2022-09-09 18:53:31',8,148,'Autorizacion por NIP realizada correctamente','4025000041451564'),(4801,'2022-09-09 18:53:31',8,148,'Autorizacion por NIP realizada correctamente','4025000041451564'),(4800,'2022-09-09 18:53:31',8,148,'Autorizacion por NIP realizada correctamente','4025000041451564'),(4799,'2022-09-09 18:53:19',8,148,'Autorizacion por NIP realizada correctamente','4025000041451564'),(4798,'2022-09-09 18:53:18',8,148,'Autorizacion por NIP realizada correctamente','4025000041451564'),(4797,'2022-09-09 18:53:18',8,148,'Autorizacion por NIP realizada correctamente','4025000041451564'),(4796,'2022-09-09 09:08:47',3,148,'Se realizó un servicio: 56.84 Litros de PEMEX MAGNA Importe $1,250.00',NULL),(4795,'2022-09-09 09:06:18',8,148,'Autorizacion por NIP realizada correctamente','4025000017512614'),(4792,'2022-09-08 20:37:07',8,148,'Autorizacion por NIP realizada correctamente','4025000033383774'),(4794,'2022-09-09 09:06:07',8,148,'Autorizacion por NIP realizada correctamente','4025000017512614'),(4793,'2022-09-08 20:37:21',3,148,'Se realizó un servicio: 13.64 Litros de PEMEX MAGNA Importe $300.00',NULL),(4790,'2022-09-07 10:53:29',2,148,'165',NULL),(4791,'2022-09-08 20:36:54',9,148,'Autorizacion por NIP fallida','4025000033383774'),(4789,'2022-09-07 10:53:29',3,148,'Se realizó un servicio: 6.72 Litros de PEMEX MAGNA Importe $147.82',NULL),(4788,'2022-09-07 10:52:21',8,148,'Autorizacion por NIP realizada correctamente','4025000052707004'),(4787,'2022-09-07 10:52:20',8,148,'Autorizacion por NIP realizada correctamente','4025000052707004'),(4786,'2022-09-07 10:52:20',8,148,'Autorizacion por NIP realizada correctamente','4025000052707004'),(4785,'2022-09-07 10:52:20',8,148,'Autorizacion por NIP realizada correctamente','4025000052707004'),(4784,'2022-09-05 12:17:24',3,148,'Se realizó un servicio: 44.13 Litros de PEMEX PREMIUM Importe $987.99',NULL),(4783,'2022-09-05 12:16:08',8,148,'Autorizacion por NIP realizada correctamente','4025000055282454'),(4782,'2022-09-03 15:57:03',3,147,'Se realizó un servicio: 35.57 Litros de PEMEX MAGNA Importe $800.00',NULL),(4781,'2022-09-03 15:56:40',8,147,'Autorizacion por NIP realizada correctamente','4025000051604314'),(4780,'2022-09-03 13:25:48',3,156,'Se realizó un servicio: 0.04 Litros de PEMEX PREMIUM Importe $1.00',NULL),(4779,'2022-09-03 13:22:50',3,156,'Se realizó un servicio: 0.08 Litros de PEMEX PREMIUM Importe $2.00',NULL),(4778,'2022-09-03 13:13:34',3,156,'Se realizó un servicio: 0.25 Litros de PEMEX PREMIUM Importe $6.00',NULL),(4777,'2022-09-03 13:12:38',3,156,'Se realizó un servicio: 0.08 Litros de PEMEX PREMIUM Importe $2.00',NULL),(4776,'2022-09-03 13:07:43',3,156,'Se realizó un servicio: 0.08 Litros de PEMEX PREMIUM Importe $2.00',NULL),(4775,'2022-09-03 13:06:12',3,156,'Se realizó un servicio: 0.17 Litros de PEMEX PREMIUM Importe $4.00',NULL),(4774,'2022-09-03 13:05:12',3,156,'Se realizó un servicio: 0.08 Litros de PEMEX PREMIUM Importe $2.00',NULL),(4773,'2022-09-03 12:41:39',8,156,'Autorizacion por NIP realizada correctamente','4025000061801674'),(4772,'2022-09-03 12:20:20',8,156,'Autorizacion por NIP realizada correctamente','4025000061801674'),(4771,'2022-09-03 12:19:56',3,156,'Se realizó un servicio: 0.08 Litros de PEMEX PREMIUM Importe $2.00',NULL),(4770,'2022-09-03 12:18:23',3,156,'Se realizó un servicio: 0.08 Litros de PEMEX PREMIUM Importe $2.00',NULL),(4769,'2022-09-03 12:18:08',8,156,'Autorizacion por NIP realizada correctamente','4025000061801674'),(4768,'2022-09-03 12:16:08',3,156,'Se realizó un servicio: 0.08 Litros de PEMEX PREMIUM Importe $2.00',NULL),(4767,'2022-09-03 12:15:55',8,156,'Autorizacion por NIP realizada correctamente','4025000061801674'),(4766,'2022-09-03 12:15:13',3,156,'Se realizó un servicio: 0.04 Litros de PEMEX PREMIUM Importe $1.00',NULL),(4765,'2022-09-03 12:14:56',8,156,'Autorizacion por NIP realizada correctamente','4025000061801674'),(4764,'2022-09-03 11:51:05',3,156,'Se realizó un servicio: 0.04 Litros de PEMEX PREMIUM Importe $1.00',NULL),(4763,'2022-09-03 11:28:57',2,148,'163',NULL),(4762,'2022-09-03 11:28:57',3,148,'Se realizó un servicio: 30.37 Litros de PEMEX MAGNA Importe $683.00',NULL),(4761,'2022-09-03 11:23:39',8,148,'Autorizacion por NIP realizada correctamente','4025000045702324'),(4760,'2022-09-02 15:20:44',3,147,'Se realizó un servicio: 47.76 Litros de PEMEX MAGNA Importe $1,074.21',NULL),(4758,'2022-09-02 11:57:55',2,148,'158',NULL),(4759,'2022-09-02 15:15:04',8,147,'Autorizacion por NIP realizada correctamente','4025000057817524'),(4757,'2022-09-02 11:57:55',3,148,'Se realizó un servicio: 28.36 Litros de PEMEX MAGNA Importe $637.71',NULL),(4756,'2022-09-02 11:57:13',8,148,'Autorizacion por NIP realizada correctamente','4025000084678814'),(4755,'2022-09-02 09:55:10',3,148,'Se realizó un servicio: 31.12 Litros de PEMEX MAGNA Importe $700.00',NULL),(4754,'2022-09-02 09:54:57',8,148,'Autorizacion por NIP realizada correctamente','4025000088807225'),(4752,'2022-09-02 09:52:31',1,148,'4025000088807225',NULL),(4753,'2022-09-02 09:54:39',1,148,'4025000088807225',NULL),(4751,'2022-09-02 09:52:31',9,148,'Autorizacion por NIP fallida','4025000088807225'),(4750,'2022-09-02 09:51:55',9,148,'Autorizacion por NIP fallida','4025000088807225'),(4749,'2022-09-02 09:51:48',9,148,'Autorizacion por NIP fallida','4025000088807225'),(4748,'2022-09-02 09:47:28',3,147,'Se realizó un servicio: 41.86 Litros de PEMEX PREMIUM Importe $1,000.00',NULL),(4747,'2022-09-02 09:46:34',8,147,'Autorizacion por NIP realizada correctamente','4025000030440134'),(4746,'2022-09-01 12:49:59',2,148,'168',NULL),(4745,'2022-09-01 12:49:59',3,148,'Se realizó un servicio: 56.10 Litros de PEMEX MAGNA Importe $1,261.68',NULL),(4744,'2022-09-01 12:45:22',8,148,'Autorizacion por NIP realizada correctamente','4025000041451564'),(4743,'2022-09-01 12:45:21',8,148,'Autorizacion por NIP realizada correctamente','4025000041451564'),(4742,'2022-09-01 12:45:13',9,148,'Autorizacion por NIP fallida','4025000041451564'),(4741,'2022-09-01 10:49:41',8,156,'Autorizacion por NIP realizada correctamente','4025000061801674'),(4740,'2022-09-01 10:49:30',8,156,'Autorizacion por NIP realizada correctamente','4025000061801674'),(4739,'2022-08-30 13:21:32',8,156,'Autorizacion por NIP realizada correctamente','4025000061801674'),(4738,'2022-08-30 10:51:50',8,148,'Autorizacion por NIP realizada correctamente','4025000055282454'),(4737,'2022-08-30 10:51:37',8,148,'Autorizacion por NIP realizada correctamente','4025000006667384'),(4736,'2022-08-30 10:12:43',8,148,'Autorizacion por NIP realizada correctamente','4025000088807224'),(4735,'2022-08-30 10:09:27',8,148,'Autorizacion por NIP realizada correctamente','4025000088807224'),(4734,'2022-08-30 10:08:33',8,148,'Autorizacion por NIP realizada correctamente','4025000088807224'),(4733,'2022-08-30 10:05:25',8,148,'Autorizacion por NIP realizada correctamente','4025000037402334'),(4732,'2022-08-30 10:02:59',8,148,'Autorizacion por NIP realizada correctamente','4025000037402334'),(4731,'2022-08-30 10:02:17',8,148,'Autorizacion por NIP realizada correctamente','4025000037402334'),(4730,'2022-08-30 10:00:50',8,150,'Autorizacion por NIP realizada correctamente','4025000031704234'),(4729,'2022-08-30 10:00:33',8,148,'Autorizacion por NIP realizada correctamente','4025000088807224'),(4728,'2022-08-30 09:59:00',8,148,'Autorizacion por NIP realizada correctamente','4025000088807224'),(4727,'2022-08-30 09:56:01',8,148,'Autorizacion por NIP realizada correctamente','4025000088807224'),(4726,'2022-08-30 09:52:39',8,148,'Autorizacion por NIP realizada correctamente','4025000088807224'),(4725,'2022-08-29 18:35:17',3,156,'Se realizó un servicio: 1.00 Litros de PEMEX MAGNA Importe $10.00',NULL),(4724,'2022-08-29 18:34:19',8,156,'Autorizacion por NIP realizada correctamente','4025000061801674'),(4723,'2022-08-29 18:34:13',8,156,'Autorizacion por NIP realizada correctamente','4025000061801674'),(4722,'2022-08-29 18:33:57',8,147,'Autorizacion por NIP realizada correctamente','4025000045813244'),(4721,'2022-08-29 18:19:53',2,148,'193',NULL),(4720,'2022-08-29 17:11:02',8,148,'Autorizacion por NIP realizada correctamente','4025000055282454'),(4718,'2022-08-29 17:09:43',1,148,'4025000055282454',NULL),(4719,'2022-08-29 17:10:51',1,148,'4025000055282454',NULL),(4717,'2022-08-29 17:09:43',9,148,'Autorizacion por NIP fallida','4025000055282454'),(4716,'2022-08-29 17:08:54',1,148,'4025000055282454',NULL),(4715,'2022-08-29 17:08:28',8,149,'Autorizacion por NIP realizada correctamente','4025000055685734'),(4714,'2022-08-29 17:02:56',1,148,'4025000043660364',NULL),(4713,'2022-08-29 15:09:00',8,149,'Autorizacion por NIP realizada correctamente','4025000025175234'),(4712,'2022-08-29 15:08:52',8,148,'Autorizacion por NIP realizada correctamente','4025000084678814'),(4711,'2022-08-29 15:08:45',8,147,'Autorizacion por NIP realizada correctamente','4025000075330624'),(4710,'2022-08-29 15:08:38',8,148,'Autorizacion por NIP realizada correctamente','4025000066857744'),(4709,'2022-08-29 15:08:29',8,148,'Autorizacion por NIP realizada correctamente','4025000010817104'),(4708,'2022-08-29 15:08:17',8,149,'Autorizacion por NIP realizada correctamente','4025000030817724'),(4707,'2022-08-29 15:08:09',8,149,'Autorizacion por NIP realizada correctamente','4025000001310284'),(4706,'2022-08-29 15:07:57',8,149,'Autorizacion por NIP realizada correctamente','4025000025674064'),(4705,'2022-08-29 15:07:48',8,149,'Autorizacion por NIP realizada correctamente','4025000013075374'),(4704,'2022-08-29 15:07:38',8,149,'Autorizacion por NIP realizada correctamente','4025000006078714'),(4703,'2022-08-29 15:07:29',8,149,'Autorizacion por NIP realizada correctamente','4025000042078744'),(4702,'2022-08-29 15:07:20',8,149,'Autorizacion por NIP realizada correctamente','4025000086502354'),(4701,'2022-08-29 15:07:11',8,149,'Autorizacion por NIP realizada correctamente','4025000031758384'),(4700,'2022-08-29 15:07:02',8,149,'Autorizacion por NIP realizada correctamente','4025000088737574'),(4699,'2022-08-29 15:06:51',8,149,'Autorizacion por NIP realizada correctamente','4025000084323604'),(4698,'2022-08-29 15:06:38',8,149,'Autorizacion por NIP realizada correctamente','4025000010850444'),(4697,'2022-08-29 15:06:30',8,149,'Autorizacion por NIP realizada correctamente','4025000087105074'),(4696,'2022-08-29 15:06:19',8,149,'Autorizacion por NIP realizada correctamente','4025000087238504'),(4695,'2022-08-29 15:06:10',8,149,'Autorizacion por NIP realizada correctamente','4025000043724234'),(4694,'2022-08-29 15:05:57',8,149,'Autorizacion por NIP realizada correctamente','4025000034337824'),(4693,'2022-08-29 15:05:45',8,147,'Autorizacion por NIP realizada correctamente','4025000078365254'),(4692,'2022-08-29 15:05:36',8,147,'Autorizacion por NIP realizada correctamente','4025000081466804'),(4691,'2022-08-29 15:05:22',8,147,'Autorizacion por NIP realizada correctamente','4025000025187584'),(4690,'2022-08-29 15:05:11',8,147,'Autorizacion por NIP realizada correctamente','4025000045813244'),(4689,'2022-08-29 15:04:56',1,148,'4025000055282454',NULL),(4688,'2022-08-29 15:04:56',9,148,'Autorizacion por NIP fallida','4025000055282454'),(4687,'2022-08-29 15:04:47',8,147,'Autorizacion por NIP realizada correctamente','4025000047608674'),(4686,'2022-08-29 15:04:33',8,148,'Autorizacion por NIP realizada correctamente','4025000088807224'),(4684,'2022-08-29 15:03:58',1,148,'4025000043660364',NULL),(4685,'2022-08-29 15:04:22',8,148,'Autorizacion por NIP realizada correctamente','4025000041451564'),(4683,'2022-08-29 15:03:58',9,148,'Autorizacion por NIP fallida','4025000043660364'),(4682,'2022-08-29 15:03:43',8,150,'Autorizacion por NIP realizada correctamente','4025000031704234'),(4681,'2022-08-29 15:03:23',8,150,'Autorizacion por NIP realizada correctamente','4025000031704234'),(4680,'2022-08-29 15:02:30',8,156,'Autorizacion por NIP realizada correctamente','4025000061801674'),(4679,'2022-08-29 15:02:19',8,156,'Autorizacion por NIP realizada correctamente','4025000055024864'),(4678,'2022-08-29 15:01:39',8,147,'Autorizacion por NIP realizada correctamente','4025000048076884'),(4677,'2022-08-29 15:01:28',8,147,'Autorizacion por NIP realizada correctamente','4025000016150484'),(4676,'2022-08-29 15:01:07',8,147,'Autorizacion por NIP realizada correctamente','4025000048076884'),(4675,'2022-08-29 15:00:55',8,147,'Autorizacion por NIP realizada correctamente','4025000051604314'),(4674,'2022-08-29 15:00:43',8,147,'Autorizacion por NIP realizada correctamente','4025000030440134'),(4673,'2022-08-29 15:00:33',8,147,'Autorizacion por NIP realizada correctamente','4025000057817524'),(4672,'2022-08-29 15:00:20',8,148,'Autorizacion por NIP realizada correctamente','4025000038114584'),(4671,'2022-08-29 15:00:07',8,148,'Autorizacion por NIP realizada correctamente','4025000018166774'),(4670,'2022-08-29 14:59:55',8,148,'Autorizacion por NIP realizada correctamente','4025000076466354'),(4669,'2022-08-29 14:59:44',8,148,'Autorizacion por NIP realizada correctamente','4025000017512614'),(4668,'2022-08-29 14:59:31',8,148,'Autorizacion por NIP realizada correctamente','4025000045702324'),(4667,'2022-08-29 14:59:22',8,148,'Autorizacion por NIP realizada correctamente','4025000045462074'),(4666,'2022-08-29 14:59:07',8,148,'Autorizacion por NIP realizada correctamente','4025000052707004'),(4665,'2022-08-29 14:59:01',9,148,'Autorizacion por NIP fallida','4025000052707004'),(4664,'2022-08-29 14:58:54',9,148,'Autorizacion por NIP fallida','4025000052707004'),(4663,'2022-08-29 14:58:42',8,148,'Autorizacion por NIP realizada correctamente','4025000033383774'),(4662,'2022-08-29 14:58:28',8,148,'Autorizacion por NIP realizada correctamente','4025000046334014'),(4661,'2022-08-29 14:58:16',8,148,'Autorizacion por NIP realizada correctamente','4025000013767144'),(4660,'2022-08-29 14:58:02',8,148,'Autorizacion por NIP realizada correctamente','4025000064032204'),(4659,'2022-08-29 14:57:31',8,148,'Autorizacion por NIP realizada correctamente','4025000037402334'),(4658,'2022-08-29 14:34:29',9,147,'Autorizacion por NIP fallida','4025000075330624'),(4657,'2022-08-29 14:32:46',8,149,'Autorizacion por NIP realizada correctamente','4025000030817724'),(4656,'2022-08-29 14:32:40',9,149,'Autorizacion por NIP fallida','4025000030817724'),(4655,'2022-08-29 14:31:59',8,149,'Autorizacion por NIP realizada correctamente','4025000001310284'),(4654,'2022-08-29 12:21:46',8,156,'Autorizacion por NIP realizada correctamente','4025000061801674'),(4653,'2022-08-29 12:21:12',8,156,'Autorizacion por NIP realizada correctamente','4025000061801674'),(4652,'2022-08-29 12:20:44',8,156,'Autorizacion por NIP realizada correctamente','4025000061801674'),(4651,'2022-08-29 12:19:18',8,156,'Autorizacion por NIP realizada correctamente','4025000061801674'),(4650,'2022-08-29 12:16:28',8,156,'Autorizacion por NIP realizada correctamente','4025000061801674'),(4649,'2022-08-29 12:16:27',8,156,'Autorizacion por NIP realizada correctamente','4025000061801674'),(4648,'2022-08-29 12:15:11',8,156,'Autorizacion por NIP realizada correctamente','4025000061801674'),(4647,'2022-08-29 12:13:55',3,156,'Se realizó un servicio: 0.10 Litros de PEMEX DIESEL Importe $1.00',NULL),(4646,'2022-08-29 12:13:52',8,156,'Autorizacion por NIP realizada correctamente','4025000061801674'),(4645,'2022-08-29 12:13:38',3,156,'Se realizó un servicio: 0.10 Litros de PEMEX DIESEL Importe $1.00',NULL),(4644,'2022-08-29 12:13:32',8,156,'Autorizacion por NIP realizada correctamente','4025000061801674'),(4643,'2022-08-29 12:13:04',3,156,'Se realizó un servicio: 0.10 Litros de PEMEX MAGNA Importe $1.00',NULL),(4642,'2022-08-29 12:11:08',8,156,'Autorizacion por NIP realizada correctamente','4025000061801674'),(4641,'2022-08-29 12:11:07',8,156,'Autorizacion por NIP realizada correctamente','4025000061801674'),(4639,'2022-08-29 12:10:42',1,147,'4025000045813244',NULL),(4640,'2022-08-29 12:10:50',1,147,'4025000075330624',NULL),(4638,'2022-08-29 12:10:32',1,147,'4025000048076884',NULL),(4636,'2022-08-29 12:10:09',1,147,'4025000078365254',NULL),(4637,'2022-08-29 12:10:20',1,147,'4025000016150484',NULL),(4635,'2022-08-29 12:10:01',1,147,'4025000051604314',NULL),(4634,'2022-08-29 12:09:54',1,147,'4025000030440134',NULL),(4633,'2022-08-29 12:09:46',1,147,'4025000057817524',NULL),(4632,'2022-08-29 12:09:36',1,147,'4025000047608674',NULL),(4631,'2022-08-29 12:09:01',1,148,'4025000013767144',NULL),(4630,'2022-08-29 12:08:51',1,148,'4025000033383774',NULL),(4629,'2022-08-29 12:08:42',1,148,'4025000055282454',NULL),(4628,'2022-08-29 12:08:31',1,148,'4025000006667384',NULL),(4627,'2022-08-29 12:08:23',1,148,'4025000017512614',NULL),(4626,'2022-08-29 12:08:13',1,148,'4025000076466354',NULL),(4625,'2022-08-29 12:08:04',1,148,'4025000041451564',NULL),(4624,'2022-08-29 12:07:56',1,148,'4025000046334014',NULL),(4623,'2022-08-29 12:07:30',1,148,'4025000045462074',NULL),(4622,'2022-08-29 12:07:21',1,148,'4025000052707004',NULL),(4621,'2022-08-29 12:07:13',1,148,'4025000064032204',NULL),(4620,'2022-08-29 12:07:03',1,148,'4025000045702324',NULL),(4619,'2022-08-29 12:06:51',1,148,'4025000038114584',NULL),(4618,'2022-08-29 12:06:42',1,148,'4025000088807224',NULL),(4617,'2022-08-29 12:06:35',1,148,'4025000066857744',NULL),(4616,'2022-08-29 12:06:25',1,148,'4025000018166774',NULL),(4615,'2022-08-29 12:06:13',1,148,'4025000010817104',NULL),(4614,'2022-08-29 12:06:01',1,148,'4025000084678814',NULL),(4613,'2022-08-29 12:05:55',1,148,'4025000037402334',NULL),(4612,'2022-08-29 12:05:48',1,148,'4025000043660364',NULL),(4611,'2022-08-29 12:05:04',1,149,'4025000001310284',NULL),(4610,'2022-08-29 12:04:22',1,156,'4025000055024864',NULL),(4609,'2022-08-29 12:03:53',8,156,'Autorizacion por NIP realizada correctamente','4025000061801674'),(4608,'2022-08-29 12:03:47',1,156,'4025000061801674',NULL),(4607,'2022-08-29 12:02:06',8,156,'Autorizacion por NIP realizada correctamente','4025000061801674'),(4606,'2022-08-29 12:01:24',3,156,'Se realizó un servicio: 0.10 Litros de PEMEX DIESEL Importe $1.00',NULL),(4605,'2022-08-29 12:01:20',8,156,'Autorizacion por NIP realizada correctamente','4025000061801674'),(4604,'2022-08-29 12:01:12',3,156,'Se realizó un servicio: 0.10 Litros de PEMEX PREMIUM Importe $1.00',NULL),(4603,'2022-08-29 12:01:08',8,156,'Autorizacion por NIP realizada correctamente','4025000061801674'),(4602,'2022-08-29 12:01:00',3,156,'Se realizó un servicio: 0.10 Litros de PEMEX MAGNA Importe $1.00',NULL),(4601,'2022-08-29 12:00:55',8,156,'Autorizacion por NIP realizada correctamente','4025000061801674'),(4600,'2022-08-29 12:00:44',3,156,'Se realizó un servicio: 0.00 Litros de GAS Importe $1.00',NULL),(4599,'2022-08-29 12:00:42',8,156,'Autorizacion por NIP realizada correctamente','4025000061801674'),(4598,'2022-08-29 12:00:37',8,156,'Autorizacion por NIP realizada correctamente','4025000061801674'),(4597,'2022-08-29 11:59:44',3,156,'Se realizó un servicio: 1.00 Litros de PEMEX MAGNA Importe $10.00',NULL),(4596,'2022-08-29 11:59:36',8,156,'Autorizacion por NIP realizada correctamente','4025000061801674'),(4595,'2022-08-29 11:56:48',3,156,'Se realizó un servicio: 0.20 Litros de PEMEX MAGNA Importe $2.00',NULL),(4594,'2022-08-29 11:56:44',8,156,'Autorizacion por NIP realizada correctamente','4025000061801674'),(4593,'2022-08-29 11:56:35',3,156,'Se realizó un servicio: 0.00 Litros de GAS Importe $1.00',NULL),(4592,'2022-08-29 11:56:31',8,156,'Autorizacion por NIP realizada correctamente','4025000061801674'),(4591,'2022-08-29 11:56:04',3,156,'Se realizó un servicio: 0.60 Litros de PEMEX MAGNA Importe $6.00',NULL),(4590,'2022-08-29 11:55:27',3,156,'Se realizó un servicio: 0.60 Litros de PEMEX MAGNA Importe $6.00',NULL),(4589,'2022-08-29 11:55:19',8,156,'Autorizacion por NIP realizada correctamente','4025000061801674'),(4588,'2022-08-29 11:50:58',3,156,'Se realizó un servicio: 0.10 Litros de PEMEX MAGNA Importe $1.00',NULL),(4587,'2022-08-29 11:50:53',8,156,'Autorizacion por NIP realizada correctamente','4025000061801674'),(4586,'2022-08-29 11:48:30',3,156,'Se realizó un servicio: 0.00 Litros de GAS Importe $5.00',NULL),(4585,'2022-08-29 11:48:26',8,156,'Autorizacion por NIP realizada correctamente','4025000061801674'),(4584,'2022-08-29 11:47:41',3,156,'Se realizó un servicio: 1.00 Litros de PEMEX MAGNA Importe $10.00',NULL),(4583,'2022-08-29 11:47:30',8,156,'Autorizacion por NIP realizada correctamente','4025000061801674'),(4582,'2022-08-29 11:47:23',9,156,'Autorizacion por NIP fallida','4025000061801674'),(4581,'2022-08-29 11:41:50',3,156,'Se realizó un servicio: 0.00 Litros de GAS Importe $10.00',NULL),(4580,'2022-08-29 11:41:45',8,156,'Autorizacion por NIP realizada correctamente','4025000061801674'),(4579,'2022-08-29 11:40:33',3,156,'Se realizó un servicio: 0.10 Litros de PEMEX MAGNA Importe $1.00',NULL),(4578,'2022-08-29 11:40:23',8,156,'Autorizacion por NIP realizada correctamente','4025000061801674'),(4577,'2022-08-25 11:16:31',3,156,'Se realizó un servicio: 0.10 Litros de PEMEX PREMIUM Importe $1.00',NULL),(4576,'2022-08-25 11:16:24',8,156,'Autorizacion por NIP realizada correctamente','4025000061801674'),(4575,'2022-08-25 11:07:43',8,156,'Autorizacion por NIP realizada correctamente','4025000061801674'),(4574,'2022-08-24 11:44:52',8,156,'Autorizacion por NIP realizada correctamente','4025000061801674'),(4573,'2022-08-24 11:44:22',3,156,'Se realizó un servicio: 0.10 Litros de PEMEX PREMIUM Importe $1.00',NULL),(4572,'2022-08-24 11:44:13',8,156,'Autorizacion por NIP realizada correctamente','4025000061801674'),(4571,'2022-08-24 11:38:10',3,156,'Se realizó un servicio: 0.00 Litros de GAS Importe $1.00',NULL),(4570,'2022-08-24 11:38:00',3,156,'Se realizó un servicio: 0.10 Litros de PEMEX PREMIUM Importe $1.00',NULL),(4569,'2022-08-24 11:37:27',8,156,'Autorizacion por NIP realizada correctamente','4025000061801674'),(4568,'2022-08-24 11:06:49',8,156,'Autorizacion por NIP realizada correctamente','4025000061801674'),(4567,'2022-08-24 11:06:01',3,156,'Se realizó un servicio: 20.00 Litros de PEMEX MAGNA Importe $200.00',NULL),(4566,'2022-08-24 11:05:10',8,156,'Autorizacion por NIP realizada correctamente','4025000061801674'),(4565,'2022-08-24 11:04:57',8,156,'Autorizacion por NIP realizada correctamente','4025000061801674'),(4564,'2022-08-24 11:04:56',8,156,'Autorizacion por NIP realizada correctamente','4025000061801674'),(4563,'2022-08-24 11:03:08',9,156,'Autorizacion por NIP fallida','4025000061801674'),(4562,'2022-08-24 10:59:05',3,156,'Se realizó un servicio: 50.00 Litros de PEMEX MAGNA Importe $500.00',NULL),(4561,'2022-08-24 10:56:32',8,156,'Autorizacion por NIP realizada correctamente','4025000061801674'),(4560,'2022-08-24 10:51:52',8,156,'Autorizacion por NIP realizada correctamente','4025000061801674'),(4558,'2022-08-23 13:03:17',4,145,'50',NULL),(4559,'2022-08-24 10:50:36',9,156,'Autorizacion por NIP fallida','4025000061801674'),(4556,'2022-08-23 11:33:08',4,147,'42000',NULL),(4557,'2022-08-23 13:00:10',4,145,'103',NULL),(4554,'2022-08-23 11:32:10',4,149,'167000',NULL),(4555,'2022-08-23 11:32:44',4,148,'43000',NULL),(4553,'2022-08-16 14:24:22',4,156,'4000',NULL),(4552,'2022-07-30 14:50:39',3,156,'Se realizó un servicio: 0.50 Litros de PEMEX MAGNA Importe $5.00',NULL),(4551,'2022-07-30 14:50:33',8,156,'Autorizacion por NIP realizada correctamente','4025000061801674'),(4550,'2022-07-30 14:50:08',3,156,'Se realizó un servicio: 0.50 Litros de PEMEX MAGNA Importe $5.00',NULL),(4549,'2022-07-30 14:50:03',8,156,'Autorizacion por NIP realizada correctamente','4025000061801674'),(4548,'2022-07-30 14:48:39',3,156,'Se realizó un servicio: 0.50 Litros de PEMEX PREMIUM Importe $5.00',NULL),(4547,'2022-07-30 14:48:34',8,156,'Autorizacion por NIP realizada correctamente','4025000061801674'),(4546,'2022-07-30 14:46:20',3,156,'Se realizó un servicio: 0.50 Litros de PEMEX MAGNA Importe $5.00',NULL),(4545,'2022-07-30 14:46:12',8,156,'Autorizacion por NIP realizada correctamente','4025000061801674'),(4544,'2022-07-30 14:45:26',3,156,'Se realizó un servicio: 0.50 Litros de PEMEX PREMIUM Importe $5.00',NULL),(4543,'2022-07-30 14:45:19',8,156,'Autorizacion por NIP realizada correctamente','4025000061801674'),(4542,'2022-07-30 14:44:26',3,156,'Se realizó un servicio: 1.00 Litros de PEMEX PREMIUM Importe $10.00',NULL),(4541,'2022-07-30 14:44:16',8,156,'Autorizacion por NIP realizada correctamente','4025000061801674'),(4540,'2022-07-30 14:42:24',3,156,'Se realizó un servicio: 1.00 Litros de PEMEX PREMIUM Importe $10.00',NULL),(4539,'2022-07-30 14:41:47',8,156,'Autorizacion por NIP realizada correctamente','4025000061801674'),(4538,'2022-07-30 14:39:07',3,156,'Se realizó un servicio: 1.00 Litros de PEMEX PREMIUM Importe $10.00',NULL),(4537,'2022-07-30 14:38:57',8,156,'Autorizacion por NIP realizada correctamente','4025000061801674'),(4536,'2022-07-30 14:38:28',8,156,'Autorizacion por NIP realizada correctamente','4025000061801674'),(4535,'2022-07-30 14:37:03',4,156,'100',NULL),(4534,'2022-07-27 12:04:45',8,147,'Autorizacion por NIP realizada correctamente','4025000016150484'),(4533,'2022-07-27 12:03:54',9,147,'Autorizacion por NIP fallida','4025000016150484'),(4532,'2022-07-27 12:03:44',9,147,'Autorizacion por NIP fallida','4025000016150484'),(4531,'2022-07-27 12:02:36',8,156,'Autorizacion por NIP realizada correctamente','4025000061801674'),(4530,'2022-07-27 12:02:25',8,156,'Autorizacion por NIP realizada correctamente','4025000061801674'),(4529,'2022-07-27 11:59:20',8,156,'Autorizacion por NIP realizada correctamente','4025000061801674'),(4528,'2022-07-27 11:59:20',8,156,'Autorizacion por NIP realizada correctamente','4025000061801674'),(4527,'2022-07-27 11:59:19',8,156,'Autorizacion por NIP realizada correctamente','4025000061801674'),(4526,'2022-07-27 11:59:19',8,156,'Autorizacion por NIP realizada correctamente','4025000061801674'),(4525,'2022-07-27 11:58:37',8,156,'Autorizacion por NIP realizada correctamente','4025000061801674'),(4524,'2022-07-27 11:58:10',8,156,'Autorizacion por NIP realizada correctamente','4025000061801674'),(4523,'2022-07-27 11:53:38',9,156,'Autorizacion por NIP fallida','4025000061801674'),(4522,'2022-07-20 12:47:54',8,156,'Autorizacion por NIP realizada correctamente','4025000061801674'),(4521,'2022-07-20 12:46:30',8,156,'Autorizacion por NIP realizada correctamente','4025000061801674'),(4520,'2022-07-20 12:44:01',8,156,'Autorizacion por NIP realizada correctamente','4025000061801674'),(4519,'2022-07-20 12:42:08',8,156,'Autorizacion por NIP realizada correctamente','4025000061801674'),(4518,'2022-07-20 12:41:30',8,156,'Autorizacion por NIP realizada correctamente','4025000061801674'),(4517,'2022-07-20 12:34:05',8,156,'Autorizacion por NIP realizada correctamente','4025000061801674'),(4516,'2022-07-20 12:33:53',8,156,'Autorizacion por NIP realizada correctamente','4025000061801674'),(4515,'2022-07-20 12:33:50',9,156,'Autorizacion por NIP fallida','4025000061801674'),(4514,'2022-07-20 12:33:32',8,156,'Autorizacion por NIP realizada correctamente','4025000061801674'),(4513,'2022-07-20 12:28:32',8,156,'Autorizacion por NIP realizada correctamente','4025000061801674'),(4512,'2022-07-20 12:27:56',8,156,'Autorizacion por NIP realizada correctamente','4025000061801674'),(4511,'2022-07-20 12:27:22',8,156,'Autorizacion por NIP realizada correctamente','4025000061801674'),(4510,'2022-07-20 12:27:10',8,156,'Autorizacion por NIP realizada correctamente','4025000061801674'),(4509,'2022-07-20 12:26:36',8,156,'Autorizacion por NIP realizada correctamente','4025000061801674'),(4508,'2022-07-20 12:25:42',8,156,'Autorizacion por NIP realizada correctamente','4025000061801674'),(4507,'2022-07-20 12:14:33',8,156,'Autorizacion por NIP realizada correctamente','4025000061801674'),(4506,'2022-07-20 12:10:25',8,156,'Autorizacion por NIP realizada correctamente','4025000061801674'),(4505,'2022-07-20 12:02:33',8,156,'Autorizacion por NIP realizada correctamente','4025000061801674'),(4504,'2022-07-20 11:45:12',8,156,'Autorizacion por NIP realizada correctamente','4025000061801674'),(4502,'2022-07-14 12:43:46',2,149,'192',NULL),(4503,'2022-07-20 11:44:54',8,156,'Autorizacion por NIP realizada correctamente','4025000061801674'),(4500,'2022-07-14 12:42:46',2,149,'190',NULL),(4501,'2022-07-14 12:43:19',2,149,'191',NULL),(4499,'2022-07-14 12:42:14',2,149,'189',NULL),(4497,'2022-07-14 12:41:08',2,149,'187',NULL),(4498,'2022-07-14 12:41:40',2,149,'188',NULL),(4495,'2022-07-14 12:39:54',2,149,'185',NULL),(4496,'2022-07-14 12:40:33',2,149,'186',NULL),(4494,'2022-07-14 12:39:13',2,149,'184',NULL),(4493,'2022-07-14 12:38:35',2,149,'183',NULL),(4492,'2022-07-14 12:37:59',2,149,'182',NULL),(4490,'2022-07-14 12:34:59',2,149,'180',NULL),(4491,'2022-07-14 12:37:22',2,149,'181',NULL),(4488,'2022-07-14 12:33:14',2,149,'178',NULL),(4489,'2022-07-14 12:34:23',2,149,'179',NULL),(4486,'2022-07-14 12:32:00',2,149,'176',NULL),(4487,'2022-07-14 12:32:38',2,149,'177',NULL),(4485,'2022-07-14 12:15:58',2,150,'175',NULL),(4483,'2022-07-14 12:12:59',2,148,'173',NULL),(4484,'2022-07-14 12:13:32',2,148,'174',NULL),(4482,'2022-07-14 12:12:26',2,148,'172',NULL),(4481,'2022-07-14 12:11:51',2,148,'171',NULL),(4479,'2022-07-14 12:10:47',2,148,'169',NULL),(4480,'2022-07-14 12:11:18',2,148,'170',NULL),(4478,'2022-07-14 12:10:09',2,148,'168',NULL),(4477,'2022-07-14 12:09:32',2,148,'167',NULL),(4476,'2022-07-14 12:08:56',2,148,'166',NULL),(4475,'2022-07-14 12:08:10',2,148,'165',NULL),(4474,'2022-07-14 12:07:26',2,148,'164',NULL),(4473,'2022-07-14 12:06:50',2,148,'163',NULL),(4472,'2022-07-14 12:06:13',2,148,'162',NULL),(4470,'2022-07-14 12:04:50',2,148,'160',NULL),(4471,'2022-07-14 12:05:32',2,148,'161',NULL),(4468,'2022-07-14 12:03:29',2,148,'158',NULL),(4469,'2022-07-14 12:04:11',2,148,'159',NULL),(4466,'2022-07-14 12:02:04',2,148,'156',NULL),(4467,'2022-07-14 12:02:45',2,148,'157',NULL),(4464,'2022-07-14 11:42:21',2,156,'154',NULL),(4465,'2022-07-14 12:01:26',2,148,'155',NULL),(4462,'2022-07-14 11:39:04',2,147,'152',NULL),(4463,'2022-07-14 11:41:33',2,156,'153',NULL),(4460,'2022-07-14 11:37:49',2,147,'150',NULL),(4461,'2022-07-14 11:38:24',2,147,'151',NULL),(4458,'2022-07-14 11:36:38',2,147,'148',NULL),(4459,'2022-07-14 11:37:14',2,147,'149',NULL),(4456,'2022-07-14 11:36:02',2,147,'143',NULL),(4457,'2022-07-14 11:36:05',2,147,'147',NULL),(4454,'2022-07-14 11:35:26',2,147,'146',NULL),(4455,'2022-07-14 11:36:02',2,147,'142',NULL),(4452,'2022-07-14 11:31:47',2,147,'144',NULL),(4453,'2022-07-14 11:34:53',2,147,'145',NULL),(4450,'2022-07-14 11:28:14',2,147,'143',NULL),(4451,'2022-07-14 11:29:24',1,147,'4025000025187584',NULL),(4448,'2022-07-14 10:54:52',2,145,'141',NULL),(4449,'2022-07-14 11:05:36',2,147,'142',NULL),(4447,'2022-06-25 12:52:27',10,145,'Se ha iniciado sesión: ',NULL),(4445,'2022-06-11 11:36:05',2,145,'138',NULL),(4446,'2022-06-23 10:06:39',10,145,'Se ha iniciado sesión: ',NULL),(4444,'2022-06-11 11:36:05',3,145,'Se realizó un servicio: 10.00 Litros de PEMEX MAGNA Importe $100.00',NULL),(4443,'2022-06-11 11:35:46',8,145,'Autorizacion por NIP realizada correctamente','4000123456789010'),(4442,'2022-06-11 11:35:39',9,145,'Autorizacion por NIP fallida','4000123456789010'),(4441,'2022-06-11 10:48:18',8,145,'Autorizacion por NIP realizada correctamente','4000123456789010'),(4440,'2022-06-11 10:46:20',8,145,'Autorizacion por NIP realizada correctamente','4000123456789010'),(4439,'2022-06-11 10:45:58',8,145,'Autorizacion por NIP realizada correctamente','4000123456789010'),(4438,'2022-06-11 10:45:23',8,145,'Autorizacion por NIP realizada correctamente','4000123456789010'),(4437,'2022-06-11 10:40:04',8,145,'Autorizacion por NIP realizada correctamente','4000123456789010'),(4436,'2022-06-11 10:37:54',8,145,'Autorizacion por NIP realizada correctamente','4000123456789010'),(4435,'2022-06-11 10:37:08',8,145,'Autorizacion por NIP realizada correctamente','4000123456789010'),(4434,'2022-06-11 10:22:47',8,145,'Autorizacion por NIP realizada correctamente','4000123456789010'),(4433,'2022-06-11 10:21:34',2,145,'138',NULL),(4432,'2022-06-11 10:21:34',3,145,'Se realizó un servicio: 0.10 Litros de PEMEX MAGNA Importe $1.00',NULL),(4431,'2022-06-11 10:21:24',8,145,'Autorizacion por NIP realizada correctamente','4000123456789010'),(4430,'2022-06-11 10:21:19',1,145,'4000123456789010',NULL),(4429,'2022-06-11 10:20:15',8,145,'Autorizacion por NIP realizada correctamente','4000123456789010'),(4428,'2022-06-08 17:50:09',3,145,'Se realizó un servicio: 50.00 Litros de PEMEX MAGNA Importe $500.00',NULL),(4427,'2022-06-02 17:56:32',8,145,'Autorizacion por NIP realizada correctamente','4000123456789010'),(4426,'2022-06-02 13:11:09',8,145,'Autorizacion por NIP realizada correctamente','4000123456789010'),(4425,'2022-06-02 13:08:47',8,145,'Autorizacion por NIP realizada correctamente','4000123456789010'),(4424,'2022-06-02 13:00:54',8,145,'Autorizacion por NIP realizada correctamente','4000123456789010'),(4423,'2022-06-02 12:51:36',8,145,'Autorizacion por NIP realizada correctamente','4000123456789010'),(4421,'2022-06-02 12:42:53',2,145,'138',NULL),(4422,'2022-06-02 12:49:58',8,145,'Autorizacion por NIP realizada correctamente','4000123456789010'),(4420,'2022-06-02 12:42:53',3,145,'Se realizó un servicio: 15.00 Litros de PEMEX PREMIUM Importe $150.00',NULL),(4419,'2022-06-02 12:42:44',8,145,'Autorizacion por NIP realizada correctamente','4000123456789010'),(4418,'2022-06-02 11:56:05',8,145,'Autorizacion por NIP realizada correctamente','4000123456789010'),(4417,'2022-06-02 11:55:48',8,145,'Autorizacion por NIP realizada correctamente','4000123456789010'),(4416,'2022-06-02 11:40:54',8,145,'Autorizacion por NIP realizada correctamente','4000123456789010'),(4415,'2022-06-02 11:40:48',9,145,'Autorizacion por NIP fallida','4000123456789010'),(4414,'2022-06-02 11:40:23',8,145,'Autorizacion por NIP realizada correctamente','4000123456789010'),(4413,'2022-06-02 11:30:07',8,145,'Autorizacion por NIP realizada correctamente','4000123456789010'),(4412,'2022-06-02 11:21:15',8,145,'Autorizacion por NIP realizada correctamente','4000123456789010'),(4411,'2022-06-02 11:20:51',8,145,'Autorizacion por NIP realizada correctamente','4000123456789010'),(4410,'2022-06-02 11:18:56',8,145,'Autorizacion por NIP realizada correctamente','4000123456789010'),(4409,'2022-06-02 11:18:30',8,145,'Autorizacion por NIP realizada correctamente','4000123456789010'),(4408,'2022-06-02 11:14:44',8,145,'Autorizacion por NIP realizada correctamente','4000123456789010'),(4407,'2022-06-02 11:14:32',8,145,'Autorizacion por NIP realizada correctamente','4000123456789010'),(4406,'2022-06-02 11:08:17',8,145,'Autorizacion por NIP realizada correctamente','4000123456789010'),(4405,'2022-06-02 11:05:10',8,145,'Autorizacion por NIP realizada correctamente','4000123456789010'),(4404,'2022-06-02 11:04:21',8,145,'Autorizacion por NIP realizada correctamente','4000123456789010'),(4403,'2022-06-02 11:03:43',8,145,'Autorizacion por NIP realizada correctamente','4000123456789010'),(4402,'2022-06-02 11:00:42',8,145,'Autorizacion por NIP realizada correctamente','4000123456789010'),(4401,'2022-06-02 10:58:28',8,145,'Autorizacion por NIP realizada correctamente','4000123456789010'),(4400,'2022-06-02 10:58:16',8,145,'Autorizacion por NIP realizada correctamente','4000123456789010'),(4399,'2022-06-02 10:50:47',8,145,'Autorizacion por NIP realizada correctamente','4000123456789010'),(4398,'2022-06-02 10:50:19',8,145,'Autorizacion por NIP realizada correctamente','4000123456789010'),(4397,'2022-06-02 10:50:06',8,145,'Autorizacion por NIP realizada correctamente','4000123456789010'),(4396,'2022-06-02 10:49:43',8,145,'Autorizacion por NIP realizada correctamente','4000123456789010'),(4395,'2022-06-01 17:54:53',8,145,'Autorizacion por NIP realizada correctamente','4000123456789010'),(4394,'2022-06-01 17:17:51',1,145,'4025000014604014',NULL),(4393,'2022-06-01 13:20:08',3,146,'Se realizó un servicio: 50.00 Litros de PEMEX MAGNA Importe $500.00',NULL),(4392,'2022-06-01 13:19:39',2,146,'140',NULL),(4391,'2022-06-01 12:38:39',8,145,'Autorizacion por NIP realizada correctamente','4000123456789010'),(4390,'2022-06-01 12:10:39',8,145,'Autorizacion por NIP realizada correctamente','4000123456789010'),(4389,'2022-06-01 12:01:49',8,145,'Autorizacion por NIP realizada correctamente','4000123456789010'),(4388,'2022-06-01 11:48:59',8,145,'Autorizacion por NIP realizada correctamente','4000123456789010'),(4387,'2022-06-01 11:47:14',9,145,'Autorizacion por NIP fallida','4000123456789010'),(4386,'2022-06-01 11:46:59',8,145,'Autorizacion por NIP realizada correctamente','4000123456789010'),(4385,'2022-06-01 11:46:59',8,145,'Autorizacion por NIP realizada correctamente','4000123456789010'),(4384,'2022-06-01 11:46:59',8,145,'Autorizacion por NIP realizada correctamente','4000123456789010'),(4383,'2022-06-01 11:46:59',8,145,'Autorizacion por NIP realizada correctamente','4000123456789010'),(4382,'2022-06-01 11:46:58',8,145,'Autorizacion por NIP realizada correctamente','4000123456789010'),(4381,'2022-06-01 11:46:58',8,145,'Autorizacion por NIP realizada correctamente','4000123456789010'),(4380,'2022-06-01 11:46:58',8,145,'Autorizacion por NIP realizada correctamente','4000123456789010'),(4379,'2022-06-01 11:46:58',8,145,'Autorizacion por NIP realizada correctamente','4000123456789010'),(4378,'2022-06-01 11:46:58',8,145,'Autorizacion por NIP realizada correctamente','4000123456789010'),(4377,'2022-06-01 11:46:58',8,145,'Autorizacion por NIP realizada correctamente','4000123456789010'),(4376,'2022-06-01 11:46:58',8,145,'Autorizacion por NIP realizada correctamente','4000123456789010'),(4375,'2022-06-01 11:46:57',8,145,'Autorizacion por NIP realizada correctamente','4000123456789010'),(4374,'2022-06-01 11:46:57',8,145,'Autorizacion por NIP realizada correctamente','4000123456789010'),(4373,'2022-06-01 11:46:57',8,145,'Autorizacion por NIP realizada correctamente','4000123456789010'),(4372,'2022-06-01 11:46:01',8,145,'Autorizacion por NIP realizada correctamente','4000123456789010'),(4371,'2022-06-01 11:45:45',8,145,'Autorizacion por NIP realizada correctamente','4000123456789010'),(4370,'2022-06-01 11:45:03',8,145,'Autorizacion por NIP realizada correctamente','4000123456789010'),(4369,'2022-05-31 16:27:29',2,145,'139',NULL),(4368,'2022-05-31 11:42:44',2,145,'138',NULL),(4366,'2022-05-31 11:42:44',2,145,'138',NULL),(4367,'2022-05-31 11:42:44',3,145,'Se realizó un servicio: 0.10 Litros de PEMEX PREMIUM Importe $1.00',NULL),(4364,'2022-05-31 11:42:44',2,145,'138',NULL),(4365,'2022-05-31 11:42:44',3,145,'Se realizó un servicio: 0.10 Litros de PEMEX PREMIUM Importe $1.00',NULL),(4362,'2022-05-31 11:42:43',2,145,'138',NULL),(4363,'2022-05-31 11:42:44',3,145,'Se realizó un servicio: 0.10 Litros de PEMEX PREMIUM Importe $1.00',NULL),(4360,'2022-05-31 11:42:43',2,145,'138',NULL),(4361,'2022-05-31 11:42:43',3,145,'Se realizó un servicio: 0.10 Litros de PEMEX PREMIUM Importe $1.00',NULL),(4359,'2022-05-31 11:42:43',3,145,'Se realizó un servicio: 0.10 Litros de PEMEX PREMIUM Importe $1.00',NULL),(4358,'2022-05-31 11:42:24',8,145,'Autorizacion por NIP realizada correctamente','4000123456789010'),(4357,'2022-05-31 10:49:44',8,145,'Autorizacion por NIP realizada correctamente','4000123456789010'),(4355,'2022-05-31 09:33:49',2,145,'138',NULL),(4356,'2022-05-31 09:34:02',8,145,'Autorizacion por NIP realizada correctamente','4000123456789010'),(4354,'2022-05-31 09:33:49',3,145,'Se realizó un servicio: 0.10 Litros de PEMEX PREMIUM Importe $1.00',NULL),(4353,'2022-05-31 09:33:43',8,145,'Autorizacion por NIP realizada correctamente','4000123456789010'),(4352,'2022-05-31 09:33:33',8,145,'Autorizacion por NIP realizada correctamente','4000123456789010'),(4351,'2022-05-31 09:33:17',2,145,'138',NULL),(4350,'2022-05-31 09:33:17',3,145,'Se realizó un servicio: 0.00 Litros de PEMEX MAGNA Importe $0.00',NULL),(4349,'2022-05-31 09:33:02',8,145,'Autorizacion por NIP realizada correctamente','4000123456789010'),(4348,'2022-05-31 09:32:39',1,145,'4000123456789010',NULL),(4346,'2022-05-30 17:20:16',2,145,'138',NULL),(4347,'2022-05-31 09:32:09',8,145,'Autorizacion por NIP realizada correctamente','4000123456789010'),(4345,'2022-05-30 17:20:16',3,145,'Se realizó un servicio: 0.00 Litros de PEMEX PREMIUM Importe $0.00',NULL),(4344,'2022-05-30 17:20:15',10,145,'Se ha iniciado sesión: ',NULL),(4343,'2022-05-30 17:20:10',10,145,'Se ha iniciado sesión: ',NULL),(4342,'2022-05-30 17:19:30',8,145,'Autorizacion por NIP realizada correctamente','4000123456789010'),(4341,'2022-05-30 17:19:15',2,145,'138',NULL),(4340,'2022-05-30 17:19:15',3,145,'Se realizó un servicio: 10.00 Litros de PEMEX PREMIUM Importe $100.00',NULL),(4339,'2022-05-30 17:19:12',10,145,'Se ha iniciado sesión: ',NULL),(4338,'2022-05-30 17:19:06',8,145,'Autorizacion por NIP realizada correctamente','4000123456789010'),(4337,'2022-05-30 17:18:59',10,145,'Se ha iniciado sesión: ',NULL),(4336,'2022-05-30 17:18:56',10,145,'Se ha iniciado sesión: ',NULL),(4335,'2022-05-30 17:17:48',8,145,'Autorizacion por NIP realizada correctamente','4000123456789010'),(4334,'2022-05-30 17:17:45',10,145,'Se ha iniciado sesión: ',NULL),(4333,'2022-05-30 17:16:38',10,145,'Se ha iniciado sesión: ',NULL),(4332,'2022-05-30 17:16:26',10,145,'Se ha iniciado sesión: ',NULL),(4331,'2022-05-30 17:12:25',10,145,'Se ha iniciado sesión: ',NULL),(4330,'2022-05-30 17:09:22',10,145,'Se ha iniciado sesión: ',NULL),(4329,'2022-05-30 17:06:38',10,145,'Se ha iniciado sesión: ',NULL),(4328,'2022-05-30 17:05:31',10,145,'Se ha iniciado sesión: ',NULL),(4327,'2022-05-30 17:01:31',10,145,'Se ha iniciado sesión: ',NULL),(4326,'2022-05-30 17:01:31',10,145,'Se ha iniciado sesión: ',NULL),(4325,'2022-05-30 16:57:44',4,145,'200',NULL),(4324,'2022-05-30 16:57:00',4,145,'200',NULL),(4323,'2022-05-30 16:49:11',8,145,'Autorizacion por NIP realizada correctamente','4000123456789010'),(4322,'2022-05-30 16:48:52',8,145,'Autorizacion por NIP realizada correctamente','4000123456789010'),(4321,'2022-05-30 16:08:37',8,145,'Autorizacion por NIP realizada correctamente','4000123456789010'),(4320,'2022-05-30 13:12:15',8,145,'Autorizacion por NIP realizada correctamente','4000123456789010'),(4319,'2022-05-30 13:07:46',8,145,'Autorizacion por NIP realizada correctamente','4000123456789010'),(4318,'2022-05-30 12:51:37',8,145,'Autorizacion por NIP realizada correctamente','4000123456789010'),(4317,'2022-05-30 12:51:30',9,145,'Autorizacion por NIP fallida','4000123456789010'),(4316,'2022-05-30 12:45:32',8,145,'Autorizacion por NIP realizada correctamente','4000123456789010'),(4315,'2022-05-30 12:40:23',8,145,'Autorizacion por NIP realizada correctamente','4000123456789010'),(4314,'2022-05-30 12:39:50',8,145,'Autorizacion por NIP realizada correctamente','4000123456789010'),(4313,'2022-05-30 12:39:09',8,145,'Autorizacion por NIP realizada correctamente','4000123456789010'),(4312,'2022-05-30 12:37:40',8,145,'Autorizacion por NIP realizada correctamente','4000123456789010'),(4311,'2022-05-30 12:37:22',8,145,'Autorizacion por NIP realizada correctamente','4000123456789010'),(4310,'2022-05-30 12:36:38',2,145,'138',NULL),(4309,'2022-05-30 12:36:38',3,145,'Se realizó un servicio: 1.50 Litros de PEMEX PREMIUM Importe $15.00',NULL),(4308,'2022-05-30 12:36:24',8,145,'Autorizacion por NIP realizada correctamente','4000123456789010'),(4307,'2022-05-30 12:35:34',2,145,'138',NULL),(4306,'2022-05-30 12:35:34',3,145,'Se realizó un servicio: 1.00 Litros de PEMEX MAGNA Importe $10.00',NULL),(4304,'2022-05-30 12:26:19',2,145,'138',NULL),(4305,'2022-05-30 12:35:21',8,145,'Autorizacion por NIP realizada correctamente','4000123456789010'),(4302,'2022-05-30 12:26:19',2,145,'138',NULL),(4303,'2022-05-30 12:26:19',3,145,'Se realizó un servicio: 2.00 Litros de PEMEX PREMIUM Importe $20.00',NULL),(4301,'2022-05-30 12:26:19',3,145,'Se realizó un servicio: 2.00 Litros de PEMEX PREMIUM Importe $20.00',NULL),(4300,'2022-05-30 12:26:02',8,145,'Autorizacion por NIP realizada correctamente','4000123456789010'),(4299,'2022-05-30 12:19:19',2,145,'138',NULL),(4298,'2022-05-30 12:19:19',3,145,'Se realizó un servicio: 0.10 Litros de PEMEX MAGNA Importe $1.00',NULL),(4297,'2022-05-30 12:19:08',8,145,'Autorizacion por NIP realizada correctamente','4000123456789010'),(4296,'2022-05-30 12:18:48',8,145,'Autorizacion por NIP realizada correctamente','4000123456789010'),(4295,'2022-05-30 12:04:09',2,145,'138',NULL),(4294,'2022-05-30 12:04:09',3,145,'Se realizó un servicio: 1.00 Litros de PEMEX MAGNA Importe $10.00',NULL),(4293,'2022-05-30 12:03:53',8,145,'Autorizacion por NIP realizada correctamente','4000123456789010'),(4292,'2022-05-30 12:02:28',2,145,'138',NULL),(4291,'2022-05-30 12:02:28',3,145,'Se realizó un servicio: 0.10 Litros de PEMEX PREMIUM Importe $1.00',NULL),(4290,'2022-05-30 12:02:17',8,145,'Autorizacion por NIP realizada correctamente','4000123456789010'),(4289,'2022-05-30 12:02:15',8,145,'Autorizacion por NIP realizada correctamente','4000123456789010'),(4288,'2022-05-30 12:02:11',1,145,'4000123456789010',NULL),(4286,'2022-05-30 12:00:56',1,145,'4000123456789010',NULL),(4287,'2022-05-30 12:01:06',8,145,'Autorizacion por NIP realizada correctamente','4000123456789010'),(4284,'2022-05-30 11:59:51',1,145,'4000123456789010',NULL),(4285,'2022-05-30 12:00:16',8,145,'Autorizacion por NIP realizada correctamente','4000123456789010'),(4283,'2022-05-30 11:59:12',8,145,'Autorizacion por NIP realizada correctamente','4000123456789010'),(4282,'2022-05-30 11:58:08',9,145,'Autorizacion por NIP fallida','4000123456789010'),(4281,'2022-05-30 11:57:31',1,145,'4000123456789010',NULL),(4280,'2022-05-30 11:42:21',1,145,'1111111111111111',NULL),(4279,'2022-05-30 11:41:45',1,145,'1111111111111111',NULL),(4278,'2022-05-30 11:25:31',1,145,'1111111111111111',NULL),(4276,'2022-05-30 11:23:18',1,145,'1111111111111111',NULL),(4277,'2022-05-30 11:24:55',10,145,'Se ha iniciado sesión: ',NULL),(4275,'2022-05-30 11:22:26',1,145,'1111111111111111',NULL),(4274,'2022-05-30 11:21:45',10,145,'Se ha iniciado sesión: ',NULL),(4273,'2022-05-28 10:37:30',3,145,'Se realizó un servicio: 0.00 Litros de PEMEX MAGNA Importe $200.00',NULL),(4272,'2022-05-27 18:03:41',3,145,'Se realizó un servicio: 0.00 Litros de PEMEX MAGNA Importe $500.00',NULL),(4271,'2022-05-27 18:03:19',2,145,'138',NULL),(4270,'2022-05-27 18:01:36',4,145,'10000',NULL),(4269,'2022-05-27 13:23:14',10,145,'Se ha iniciado sesión: ',NULL),(4268,'2022-05-27 13:13:09',10,145,'Se ha iniciado sesión: ',NULL),(4267,'2022-05-27 13:11:03',10,145,'Se ha iniciado sesión: ',NULL),(4266,'2022-05-27 13:11:03',10,145,'Se ha iniciado sesión: ',NULL),(4265,'2022-05-27 13:11:03',10,145,'Se ha iniciado sesión: ',NULL);

/*Table structure for table `bitacora_tipo` */

DROP TABLE IF EXISTS `bitacora_tipo`;

CREATE TABLE `bitacora_tipo` (
  `id` int(11) NOT NULL AUTO_INCREMENT,
  `tipo` varchar(50) NOT NULL,
  KEY `id` (`id`)
) ENGINE=MyISAM AUTO_INCREMENT=11 DEFAULT CHARSET=utf8;

/*Data for the table `bitacora_tipo` */

insert  into `bitacora_tipo`(`id`,`tipo`) values (1,'Actualización tarjeta'),(2,'Actualización vehiculo'),(3,'Servicio'),(4,'Realizó abono'),(5,'Registro de tarjeta'),(6,'Registro de vehiculo'),(7,'Registro de usuario web'),(8,'Autorización Nip Correcta'),(9,'Autorización Nip Inorrecta'),(10,'Inicio de sesión');

/*Table structure for table `bombaestacion` */

DROP TABLE IF EXISTS `bombaestacion`;

CREATE TABLE `bombaestacion` (
  `folio` int(11) NOT NULL AUTO_INCREMENT,
  `folio_estacion` int(11) NOT NULL,
  `num_bomba` int(11) NOT NULL,
  `nombre` varchar(30) DEFAULT NULL,
  PRIMARY KEY (`folio`)
) ENGINE=MyISAM AUTO_INCREMENT=5 DEFAULT CHARSET=utf8;

/*Data for the table `bombaestacion` */

insert  into `bombaestacion`(`folio`,`folio_estacion`,`num_bomba`,`nombre`) values (1,1,1,'BOMBA 1 STA FE'),(2,1,2,'BOMBA 2 STA FE'),(3,1,3,'BOMBA 3 STA FE'),(4,1,4,'BOMBA 4 STA FE');

/*Table structure for table `cargos` */

DROP TABLE IF EXISTS `cargos`;

CREATE TABLE `cargos` (
  `folio` int(11) NOT NULL AUTO_INCREMENT,
  `idcliente` int(11) NOT NULL,
  `fecha` timestamp NOT NULL DEFAULT CURRENT_TIMESTAMP ON UPDATE CURRENT_TIMESTAMP,
  `tarjeta` varchar(20) DEFAULT NULL,
  `importe` double NOT NULL,
  `producto` varchar(50) DEFAULT NULL,
  PRIMARY KEY (`folio`)
) ENGINE=MyISAM DEFAULT CHARSET=utf8;

/*Data for the table `cargos` */

/*Table structure for table `choferes` */

DROP TABLE IF EXISTS `choferes`;

CREATE TABLE `choferes` (
  `idchofer` int(11) NOT NULL AUTO_INCREMENT,
  `idcliente` int(11) DEFAULT NULL,
  `nombre` varchar(80) DEFAULT NULL,
  `choferactivo` int(1) NOT NULL,
  `idvehiculo` int(2) NOT NULL,
  `nip` varchar(4) DEFAULT 'SinN',
  PRIMARY KEY (`idchofer`),
  KEY `idcliente` (`idcliente`),
  CONSTRAINT `choferes_ibfk_1` FOREIGN KEY (`idcliente`) REFERENCES `clientes` (`idcliente`)
) ENGINE=InnoDB AUTO_INCREMENT=123 DEFAULT CHARSET=utf8;

/*Data for the table `choferes` */

insert  into `choferes`(`idchofer`,`idcliente`,`nombre`,`choferactivo`,`idvehiculo`,`nip`) values (70,147,'PIPA 147',1,0,'2765'),(71,147,'PIPA 148',1,0,'6735'),(72,147,'GASTOS EN GENERAL',1,0,'1854'),(73,147,'SRA. NELY OSUNA',1,0,'1905'),(74,147,'DR. RAMIRO LOPEZ',1,0,'9909'),(75,147,'NICOLAS',1,0,'4286'),(76,147,'LIC. ROXANA OLIVAS',1,0,'3592'),(77,147,'FRANCISCO PIÑA',1,0,'8978'),(78,147,'JESUS LIZARRAGA',1,0,'8985'),(79,147,'MARLENNE PAEZ TIRADO',1,0,'7715'),(80,147,'CRISTHIAN CARDENAS',1,0,'5382'),(81,156,'MARIBEL ESQUIBEL',1,0,'1421'),(82,156,'ALBERTO',1,0,'7122'),(83,148,'VERSA BLANCO',1,0,'9220'),(84,148,'GASTOS',1,0,'0056'),(85,148,'ESTAQUITAS',1,0,'3655'),(86,148,'VERSA GRIS',1,0,'6651'),(87,148,'MARTINA',1,0,'0025'),(88,148,'KARLA',1,0,'5009'),(89,148,'LEONARDO RUIZ',1,0,'1613'),(90,148,'MARCH 1 ',1,0,'8138'),(91,148,'MARCH 6 (SISTEMAS)',1,0,'7058'),(92,148,'LORENZO RAYGOZA',1,0,'7423'),(93,148,'MOTO OFICINA',1,0,'9492'),(94,148,'VENTO BLANCO',1,0,'4797'),(95,148,'ZULEMA LOPEZ',1,0,'4583'),(96,148,'RAM (DOMINGO)',1,0,'2500'),(97,148,'ELIA RAMOS',1,0,'2237'),(98,148,'ELOY SANCHEZ ',1,0,'5786'),(99,148,'BATALLON CORTESIA',1,0,'2567'),(100,148,'MERCEDES BENZ',1,0,'3085'),(101,148,'JESSICA GUADALUPE',1,0,'9219'),(102,148,'GILDARDO EMMANUEL',1,0,'5423'),(103,149,'GASTOS',1,0,'0409'),(104,149,'SAVEIRO',1,0,'9275'),(105,149,'PIPA 1 DIESEL',1,0,'9752'),(106,149,'PIPA 2 DIESEL',1,0,'3255'),(107,149,'PIPA 3 GASOLINA',1,0,'8525'),(108,149,'PIPA 4 DIESEL',1,0,'8859'),(109,149,'PIPA 5 DIESEL',1,0,'4575'),(110,149,'PIPA 6 DIESEL',1,0,'4447'),(111,149,'PIPA 7 DIESEL',1,0,'7674'),(112,149,'PIPA 8 DIESEL',1,0,'6308'),(113,149,'HIACE',1,0,'3324'),(114,149,'ESTAQUITAS',1,0,'4195'),(115,149,'MARCH 5',1,0,'6378'),(116,149,'LUIS ARAMBURO',1,0,'1637'),(117,149,'MARCO GONZALEZ',1,0,'4366'),(118,149,'JAVIER CASTILLO',1,0,'3637'),(119,149,'SAUL ALEXIS',1,0,'2831'),(120,150,'PIPA 0736',1,0,'9506'),(121,148,'ONOFRE ZATARAIN',1,0,'6010'),(122,145,'Prueba',0,0,'1366');

/*Table structure for table `clientes` */

DROP TABLE IF EXISTS `clientes`;

CREATE TABLE `clientes` (
  `idcliente` int(11) NOT NULL AUTO_INCREMENT,
  `fechacaptura` timestamp NOT NULL DEFAULT CURRENT_TIMESTAMP,
  `tipocliente` int(11) NOT NULL,
  `rzonsocial` varchar(300) NOT NULL,
  `rfc` varchar(30) NOT NULL,
  `direccion` varchar(200) NOT NULL,
  `nombre` varchar(200) NOT NULL,
  `contacto` varchar(40) NOT NULL,
  `telefono` varchar(20) NOT NULL,
  `colonia` varchar(55) NOT NULL,
  `estado` varchar(55) NOT NULL,
  `ciudad` varchar(55) NOT NULL,
  `cp` double NOT NULL,
  `grupo` int(11) NOT NULL,
  `periododepago` int(11) DEFAULT NULL,
  `limitecredito` double NOT NULL,
  `cuentaAbono` bigint(20) NOT NULL,
  `cuentaCargo` bigint(20) NOT NULL,
  `representante` varchar(80) NOT NULL,
  PRIMARY KEY (`idcliente`)
) ENGINE=InnoDB AUTO_INCREMENT=157 DEFAULT CHARSET=utf8;

/*Data for the table `clientes` */

insert  into `clientes`(`idcliente`,`fechacaptura`,`tipocliente`,`rzonsocial`,`rfc`,`direccion`,`nombre`,`contacto`,`telefono`,`colonia`,`estado`,`ciudad`,`cp`,`grupo`,`periododepago`,`limitecredito`,`cuentaAbono`,`cuentaCargo`,`representante`) values (145,'2022-05-27 13:09:11',0,'Mary','CPE190207224','Mary','Mary','auxdesarrollo@grupopetromar.com','5161651651','Mary','Mary','Mary',15424,0,NULL,0,6515616156,151516551516,'La Mary'),(146,'2022-06-01 13:17:53',1,'Credito','CREDITO','Credito','Credito','Credito@redito.com','6644455511','Credito','Credito','Credito',15154,0,NULL,0,516516516519151,5151651651185,'Credito'),(147,'2022-06-04 12:06:30',0,'SERVICIO RIO PRESIDIO SA DE CV','SRP8310242D4','CARRETERA INTERNACION KM 1174','SERVICIO RIO PRESIDIO SA DE CV','lacajamzt@grupopetromar.com','6699861513','VILLA UNION','SINALOA','MEXICO',82210,0,NULL,0,110831042,104907507,'Lic. Francisco Piña'),(148,'2022-06-04 12:13:03',0,'PETROMAR DEL PACIFICO SA DE CV','PPA0206052K1','AVENIDA CAMARON SABALO','PETROMAR DEL PACIFICO SA DE CV','lacajamzt@grupopetromar.com','6699861513','LOMAS DE MAZATLAN','SINALOA','MEXICO',82110,0,NULL,0,0,104908201,'Lic. Francisco Piña'),(149,'2022-06-04 12:15:38',0,'GAS UNION DE AMERICA SA DE CV','GUA150126LBA','AV. CAMARON SABALO','GAS UNION DE AMERICA SA DE CV','lacajamzt@grupopetromar.com','6699861513','LOMAS DE MAZATLAN','SINALOA','MEXICO',82110,0,NULL,0,110831042,106244181,'Lic. Francisco Piña'),(150,'2022-06-04 12:24:32',1,'SERVITANQUES DEL RIO PRESIDIO SA DE CV','SRP080415T57','AV. CAMARON SABALO ','SERVITANQUES DEL RIO PRESIDIO SA DE CV','lacajamzt@grupopetromar.com','6699861513','LOMAS DE MAZATLAN','SINALOA','MEXICO',82110,0,NULL,0,110831042,7670242521,'Lic. Francisco Peña'),(156,'2022-06-04 12:31:31',0,'COMERCIALIZADORA PETROMAR SA DE CV','CPE190207226','AV. CAMARON SABALO 102 LOCAL 7 ','COMERCIALIZADORA PETROMAR SA DE CV','lacajamzt@grupopetromar.com','6699861513','LOMAS DE MAZATLAN','SINALOA','MEXICO',82110,0,NULL,0,110831042,112859653,'Lic. Francisco Piña');

/*Table structure for table `datosfacturacion` */

DROP TABLE IF EXISTS `datosfacturacion`;

CREATE TABLE `datosfacturacion` (
  `foliodatos` int(11) NOT NULL AUTO_INCREMENT,
  `rfcemisor` varchar(50) NOT NULL,
  `nombreemisor` varchar(100) NOT NULL,
  `RegimenFiscalemisor` varchar(20) NOT NULL,
  `codigopostal` varchar(10) NOT NULL,
  PRIMARY KEY (`foliodatos`)
) ENGINE=MyISAM AUTO_INCREMENT=3 DEFAULT CHARSET=utf8;

/*Data for the table `datosfacturacion` */

insert  into `datosfacturacion`(`foliodatos`,`rfcemisor`,`nombreemisor`,`RegimenFiscalemisor`,`codigopostal`) values (1,'CPE190207226','OPERADORA Y SERVICIOS EMPRESARIALES PPA','601','82110');

/*Table structure for table `estaciones` */

DROP TABLE IF EXISTS `estaciones`;

CREATE TABLE `estaciones` (
  `idestacion` int(11) NOT NULL AUTO_INCREMENT,
  `codigo` varchar(5) NOT NULL,
  `nombre` varchar(50) NOT NULL,
  `direccion` varchar(200) NOT NULL,
  `claveestacion` varchar(10) NOT NULL,
  `idgrupoest` int(11) NOT NULL,
  `lat` float DEFAULT NULL,
  `longi` float DEFAULT NULL,
  `calle` varchar(70) DEFAULT NULL,
  `colonia` varchar(50) DEFAULT NULL,
  PRIMARY KEY (`idestacion`)
) ENGINE=MyISAM AUTO_INCREMENT=18 DEFAULT CHARSET=utf8;

/*Data for the table `estaciones` */

insert  into `estaciones`(`idestacion`,`codigo`,`nombre`,`direccion`,`claveestacion`,`idgrupoest`,`lat`,`longi`,`calle`,`colonia`) values (1,'08274','PETROMAR SUC. SANTA FE','','0000112394',13,23.2397,-106.446,'Av Camarón Sábalo S/N','Lomas de Mazatlán CP 82110'),(2,'07422','PETROMAR SUC. LEY DEL MAR','','0000111542',13,23.2456,-106.421,'Carret. Int. Norte S/N Lucio Blanco y Rafael Buelna','Infonavit Playas CP 82128'),(3,'10074','PETROMAR LIBRAMIENTO','','0000114194',13,23.253,-106.388,'Av. Libramiento No. 2, Esq. Calle San Luis S/N','Lomas de San Jorge CP 82139'),(4,'11138','PETROMAR SUC. MUNICH','','0000115258',13,23.2657,-106.39,'Av. Munich No. 200','Las Mañanitas CP 82139'),(5,'11248','PETROMAR INSURGENTES','','0000115368',13,23.2334,-106.41,'Av. Insurgentes Esq. Benito Juárez No. 1000','Olímpica CP 82150'),(6,'12624','PETROMAR LOPEZ SAENZ','','0000116744',13,23.2393,-106.378,'Av. Lopez Saenz S/N','Ricardo Flores Magón CP 82139'),(7,'01781','RIO PRESIDIO','','0000105617',14,23.189,-106.21,'Carret. Int. KM 1174','Villa Unión CP 82210');

/*Table structure for table `estaciones_productos` */

DROP TABLE IF EXISTS `estaciones_productos`;

CREATE TABLE `estaciones_productos` (
  `id` int(11) NOT NULL AUTO_INCREMENT,
  `idestacion` int(11) DEFAULT NULL,
  `folioproduto` int(11) DEFAULT NULL,
  PRIMARY KEY (`id`)
) ENGINE=MyISAM AUTO_INCREMENT=17 DEFAULT CHARSET=utf8;

/*Data for the table `estaciones_productos` */

insert  into `estaciones_productos`(`id`,`idestacion`,`folioproduto`) values (1,1,1),(2,1,2),(3,2,1),(4,2,2),(5,2,3),(6,3,1),(7,3,2),(8,4,1),(9,4,2),(10,5,1),(11,5,2),(12,6,1),(13,6,2),(14,7,1),(15,7,2),(16,7,3);

/*Table structure for table `estadoscuenta` */

DROP TABLE IF EXISTS `estadoscuenta`;

CREATE TABLE `estadoscuenta` (
  `IDedocuenta` int(11) NOT NULL AUTO_INCREMENT,
  `IDcliente` int(11) NOT NULL,
  `monto` double NOT NULL,
  `fecha` timestamp NOT NULL DEFAULT CURRENT_TIMESTAMP ON UPDATE CURRENT_TIMESTAMP,
  `montopagado` double DEFAULT '0',
  PRIMARY KEY (`IDedocuenta`),
  KEY `IDcliente` (`IDcliente`)
) ENGINE=MyISAM DEFAULT CHARSET=utf8;

/*Data for the table `estadoscuenta` */

/*Table structure for table `factura_estacion` */

DROP TABLE IF EXISTS `factura_estacion`;

CREATE TABLE `factura_estacion` (
  `folio` int(11) NOT NULL AUTO_INCREMENT,
  `folio_factura` int(11) NOT NULL,
  `folio_servicio` int(11) NOT NULL,
  `idestacion` int(11) NOT NULL,
  PRIMARY KEY (`folio`)
) ENGINE=MyISAM AUTO_INCREMENT=34 DEFAULT CHARSET=utf8;

/*Data for the table `factura_estacion` */

insert  into `factura_estacion`(`folio`,`folio_factura`,`folio_servicio`,`idestacion`) values (1,109,661,1),(2,109,662,1),(3,109,664,1),(4,109,665,1),(5,111,661,1),(6,111,662,1),(7,111,664,1),(8,111,665,1),(9,111,665,1),(10,112,661,1),(11,112,662,1),(12,112,664,1),(13,112,665,1),(14,113,661,1),(15,113,662,1),(16,113,664,1),(17,113,665,1),(18,114,661,1),(19,114,662,1),(22,115,661,1),(21,114,665,1),(23,115,662,1),(24,115,665,1),(25,117,661,1),(26,117,662,1),(27,117,665,1),(28,118,661,1),(29,118,662,1),(30,118,665,1),(31,122,679,1),(32,123,679,1),(33,124,643,2);

/*Table structure for table `facturas` */

DROP TABLE IF EXISTS `facturas`;

CREATE TABLE `facturas` (
  `folio` int(11) NOT NULL AUTO_INCREMENT,
  `fechagenerado` timestamp NOT NULL DEFAULT CURRENT_TIMESTAMP,
  `fechafacturacion` date DEFAULT NULL,
  `importe` double DEFAULT NULL,
  `idcliente` int(11) DEFAULT NULL,
  `restante` double DEFAULT NULL,
  `uuidfactura` varchar(60) DEFAULT NULL,
  `factura` varchar(100) DEFAULT NULL,
  `fechavencimiento` date DEFAULT NULL,
  `cantidad` double DEFAULT NULL,
  `rfc` varchar(25) DEFAULT NULL,
  `retencion` double DEFAULT NULL,
  `traslados` double DEFAULT NULL,
  `timbrado` int(11) DEFAULT '0',
  `cancelado` int(11) DEFAULT '0',
  `idestacion` int(11) DEFAULT '0',
  `periodoi` date DEFAULT NULL,
  `periodof` date DEFAULT NULL,
  `saldoalcorte` double DEFAULT NULL,
  PRIMARY KEY (`folio`)
) ENGINE=MyISAM AUTO_INCREMENT=153 DEFAULT CHARSET=utf8;

/*Data for the table `facturas` */

insert  into `facturas`(`folio`,`fechagenerado`,`fechafacturacion`,`importe`,`idcliente`,`restante`,`uuidfactura`,`factura`,`fechavencimiento`,`cantidad`,`rfc`,`retencion`,`traslados`,`timbrado`,`cancelado`,`idestacion`,`periodoi`,`periodof`,`saldoalcorte`) values (95,'2022-05-28 10:54:45','0202-05-28',700,145,700,NULL,NULL,'1970-01-01',0,NULL,NULL,NULL,0,1,0,NULL,NULL,NULL),(96,'2022-05-30 12:12:30','0202-05-30',500,145,500,NULL,NULL,'1970-01-01',0,NULL,NULL,NULL,0,1,0,NULL,NULL,NULL),(97,'2022-05-30 12:13:33','2022-05-30',10,145,10,'adb2cb4b-9f39-4055-862e-be80a4da44d7','CPE190207226','1970-01-01',1,NULL,NULL,NULL,0,1,0,NULL,NULL,NULL),(98,'2022-05-30 15:37:05','2022-05-30',20,145,20,'1ae8f34c-4ea5-47ad-a474-fae1a37860ae','CPE190207226','1970-01-01',2,NULL,NULL,NULL,0,1,0,NULL,NULL,NULL),(99,'2022-05-30 15:46:42','0202-05-30',500,145,500,NULL,NULL,'1970-01-01',0,NULL,NULL,NULL,0,1,0,NULL,NULL,NULL),(100,'2022-05-30 15:57:06','0202-05-30',200,145,200,NULL,NULL,'1970-01-01',0,NULL,NULL,NULL,0,1,0,NULL,NULL,NULL),(101,'2022-05-30 15:57:31','0202-05-30',200,145,200,NULL,NULL,'1970-01-01',0,NULL,NULL,NULL,0,1,0,NULL,NULL,NULL),(102,'2022-05-30 15:58:00','2022-05-30',1,145,1,'bd19311a-44cf-419a-86ac-aff9a68b29b2','CPE190207226','1970-01-01',0.1,NULL,NULL,NULL,0,1,0,NULL,NULL,NULL),(103,'2022-05-31 11:03:47','2022-05-31',10,145,10,'341fabb2-fbc4-4859-b8f7-6f1861cf7884','CPE190207226','1970-01-01',1,NULL,NULL,NULL,1,0,0,NULL,NULL,NULL),(104,'2022-05-31 11:09:45','2022-05-31',1,145,1,'f11d7dd4-63f8-4760-92fc-cdedd4e53a95','CPE190207226','1970-01-01',0.1,NULL,NULL,NULL,1,0,0,NULL,NULL,NULL),(105,'2022-05-31 11:33:47','2022-05-31',20,145,20,'41725495-5869-47b1-8b94-3d0b0094e41e','CPE190207226','1970-01-01',2,NULL,NULL,NULL,1,0,0,NULL,NULL,NULL),(106,'2022-06-08 17:50:26','2022-06-21',500,145,500,'679b1b43-8e70-4139-84ec-75a0ef21c9ce','CPE190207226','1970-01-01',50,NULL,NULL,NULL,1,0,0,NULL,NULL,NULL),(107,'2022-06-22 11:36:39','2022-06-22',100,145,100,'160591a0-a9fc-4725-aba5-838ddf6d8dac','CPE190207226','1970-01-01',10,NULL,NULL,NULL,1,0,0,NULL,NULL,NULL),(108,'2022-07-01 11:21:29','2022-07-01',1,145,1,NULL,NULL,'1970-01-01',0.1,NULL,NULL,NULL,0,0,0,NULL,NULL,NULL),(109,'2022-07-06 11:39:11',NULL,751,145,751,NULL,'PPA0206052K1',NULL,75.1,NULL,NULL,NULL,0,1,1,NULL,NULL,NULL),(110,'2022-07-06 11:39:32',NULL,751,145,751,NULL,'PPA0206052K1',NULL,75.1,NULL,NULL,NULL,0,0,1,NULL,NULL,NULL),(111,'2022-07-06 11:40:14',NULL,751,145,751,NULL,'PPA0206052K1',NULL,75.1,NULL,NULL,NULL,0,0,1,NULL,NULL,NULL),(112,'2022-07-06 11:41:45',NULL,751,145,751,NULL,'PPA0206052K1',NULL,75.1,NULL,NULL,NULL,0,0,1,NULL,NULL,NULL),(113,'2022-07-06 11:44:28',NULL,751,145,751,NULL,'PPA0206052K1',NULL,75.1,NULL,NULL,NULL,0,0,1,NULL,NULL,NULL),(114,'2022-07-06 11:44:56','2022-07-11',751,145,751,'c4a0534f-4fc1-481d-81b3-6918b2865049','CPE190207226',NULL,75.1,NULL,NULL,NULL,1,0,1,NULL,NULL,NULL),(115,'2022-07-11 11:48:42','2022-07-12',750,145,750,'28f075c1-9ab5-4377-bf10-df7c76abf5b5','CPE190207226',NULL,75,NULL,NULL,NULL,1,0,1,NULL,NULL,NULL),(119,'2022-07-12 18:22:20','2022-07-12',150,145,150,'a57ffde6-345b-4564-9f28-6988df38d293','CPE190207226','1970-01-01',15,NULL,NULL,NULL,1,0,0,NULL,NULL,NULL),(117,'2022-07-12 17:25:11',NULL,750,NULL,750,NULL,'PPA0206052K1',NULL,75,NULL,NULL,NULL,0,0,1,NULL,NULL,NULL),(118,'2022-07-12 17:26:12','2022-07-15',750,NULL,750,'fc899ba7-bbc2-4a89-8973-9be52d55710f','PPA0206052K1',NULL,75,NULL,NULL,NULL,0,0,1,NULL,NULL,NULL),(120,'2022-07-14 13:28:10','2022-07-14',1,145,1,'bab4c244-5d7b-4dc7-ade1-f9ba98a9bd12','CPE190207226','1970-01-01',0.1,NULL,NULL,NULL,1,0,0,NULL,NULL,NULL),(121,'2022-07-14 13:29:18','2022-07-14',1,145,1,'0afa2bda-98df-4b3d-b498-433fad2d3143','CPE190207226','1970-01-01',0.1,NULL,NULL,NULL,1,0,0,NULL,NULL,NULL),(122,'2022-08-25 12:34:29',NULL,1,NULL,1,NULL,'PPA0206052K1',NULL,0.1,NULL,NULL,NULL,0,0,1,NULL,NULL,NULL),(123,'2022-08-25 12:39:18',NULL,1,NULL,1,NULL,'PPA0206052K1',NULL,0.1,NULL,NULL,NULL,0,0,1,NULL,NULL,NULL),(124,'2022-09-01 11:02:47',NULL,500,NULL,500,NULL,'PPA0206052K1',NULL,0,NULL,NULL,NULL,0,0,2,NULL,NULL,NULL),(125,'2022-09-28 13:08:43','0202-09-28',0,156,0,NULL,NULL,'1970-01-01',0,NULL,NULL,NULL,0,1,0,NULL,NULL,NULL),(126,'2022-09-28 13:08:50','0202-09-28',0,156,0,NULL,NULL,'1970-01-01',0,NULL,NULL,NULL,0,1,0,NULL,NULL,NULL),(127,'2022-10-04 13:02:15','2022-10-05',14147.83,148,14147.83,'224ddd2e-d41c-4b71-bfed-82d4df7d1610','PPA0206052K1','1970-01-01',637.58888577207,NULL,NULL,NULL,1,0,0,NULL,NULL,27167.69),(128,'2022-10-04 13:04:17','2022-10-05',9061.22,147,9061.22,'89fd9b66-5a04-4df7-b951-9bc276cddf1f','SRP8310242D4','1970-01-01',399.06425583203,NULL,NULL,NULL,1,0,0,NULL,NULL,32438.78),(129,'2022-10-04 13:04:57','2022-10-04',3041.84,156,3041.84,'dfa86b72-2f08-45d7-a006-feac63b1f93f','CPE190207226','1970-01-01',133.96055946182,NULL,NULL,NULL,0,1,0,NULL,NULL,NULL),(130,'2022-10-04 13:27:33','0202-10-04',10,145,10,NULL,NULL,'1970-01-01',0.41753653444676,NULL,NULL,NULL,0,1,0,NULL,NULL,NULL),(131,'2022-10-04 17:52:50','2022-10-04',3041.84,156,3041.84,'91085297-b726-44b3-9747-8039e0c1455b','CPE190207226','1970-01-01',133.96055946182,NULL,NULL,NULL,0,1,0,NULL,NULL,NULL),(132,'2022-10-04 18:05:45','2022-10-04',3041.84,156,3041.84,'455533f8-a53b-4915-9ee4-6dd3cd2268ec','CPE190207226','1970-01-01',133.96055946182,NULL,NULL,NULL,0,1,0,NULL,NULL,NULL),(133,'2022-10-04 18:13:55','2022-10-04',3041.84,156,3041.84,'c0156b92-0788-4d66-9524-1712b7edc3ba','CPE190207226','1970-01-01',133.96055946182,NULL,NULL,NULL,0,1,0,NULL,NULL,NULL),(134,'2022-10-04 18:15:53','2022-10-04',3041.84,156,3041.84,'41915969-4e81-43ee-b4cb-02abb6bf2a33','CPE190207226','1970-01-01',133.96055946182,NULL,NULL,NULL,0,1,0,NULL,NULL,NULL),(135,'2022-10-04 18:21:57','2022-10-04',3041.84,156,3041.84,'988120f8-8d30-4b6e-b3f0-eeb195b24a2e','CPE190207226','1970-01-01',133.96055946182,NULL,NULL,NULL,0,1,0,NULL,NULL,NULL),(136,'2022-10-04 18:32:43','2022-10-04',3041.84,156,3041.84,'657f9928-68e7-4ada-941b-ff3015aa7905','CPE190207226','1970-01-01',133.96055946182,NULL,NULL,NULL,0,1,0,NULL,NULL,NULL),(137,'2022-10-04 18:37:19','2022-10-04',3041.84,156,3041.84,'95868a0c-b9da-4c12-ab62-be2457a1232d','CPE190207226','1970-01-01',133.96055946182,NULL,NULL,NULL,0,1,0,NULL,NULL,NULL),(138,'2022-10-04 19:11:44','0202-10-04',3041.84,156,3041.84,NULL,NULL,'1970-01-01',133.96055946182,NULL,NULL,NULL,0,1,0,NULL,NULL,NULL),(139,'2022-10-04 19:12:50','0202-10-04',3041.84,156,3041.84,NULL,NULL,'1970-01-01',133.96055946182,NULL,NULL,NULL,0,1,0,NULL,NULL,NULL),(140,'2022-10-04 19:15:30','2022-10-04',3041.84,156,3041.84,'977a9e80-1206-4670-a1f1-0f402da637f9','CPE190207226','1970-01-01',133.96055946182,NULL,NULL,NULL,0,1,0,'2022-09-01','2022-09-30',NULL),(141,'2022-10-05 09:43:32','2022-10-05',3041.84,156,3041.84,'eee71bb2-0a44-457e-87d8-fa82a1d8f5f0','CPE190207226','1970-01-01',133.96055946182,NULL,NULL,NULL,0,1,0,'2022-09-01','2022-09-30',NULL),(142,'2022-10-05 09:49:44','2022-10-05',3041.84,156,3041.84,'e2219e95-2852-4a66-adde-1a21f0c470d7','CPE190207226','1970-01-01',133.96055946182,NULL,NULL,NULL,0,1,0,'2022-09-01','2022-09-30',NULL),(143,'2022-10-05 09:57:59','2022-10-05',3041.84,156,3041.84,'949f7352-ae7a-4a3c-ae31-f269a25442b0','CPE190207226','1970-01-01',133.96055946182,NULL,NULL,NULL,0,1,0,'2022-09-01','2022-09-30',NULL),(144,'2022-10-05 10:34:54','2022-10-05',3041.84,156,3041.84,'5f5afbf2-0c38-4e63-82df-dfa17e4b729e','CPE190207226','1970-01-01',133.96055946182,NULL,NULL,NULL,0,1,0,'2022-09-01','2022-09-30',958.16),(145,'2022-10-05 11:02:47','2022-10-05',3041.84,156,3041.84,'f0ccb767-aa11-4450-bb65-af350a1f853b','CPE190207226','1970-01-01',133.96055946182,NULL,NULL,NULL,0,1,0,'2022-09-01','2022-09-30',958.16),(146,'2022-10-05 11:04:45','2022-10-05',3041.84,156,3041.84,'2f016b94-2496-4d65-9007-b6b5bb829ccd','CPE190207226','1970-01-01',133.96055946182,NULL,NULL,NULL,0,1,0,'2022-09-01','2022-09-30',958.16),(147,'2022-10-05 11:06:20','2022-10-05',3041.84,156,3041.84,'92a5d061-9b5d-4590-b465-699875ccbfd8','CPE190207226','1970-01-01',133.96055946182,NULL,NULL,NULL,0,1,0,'2022-09-01','2022-09-30',958.16),(148,'2022-10-05 11:08:17','2022-10-05',3041.84,156,3041.84,'4d5428b6-9516-46c6-a978-16ce909e4765','CPE190207226','1970-01-01',133.96055946182,NULL,NULL,NULL,0,1,0,'2022-09-01','2022-09-30',958.16),(149,'2022-10-05 11:17:21','2022-10-05',3041.84,156,3041.84,'ee25a28a-6222-4dc9-81ab-0bb632b1e7b9','CPE190207226','1970-01-01',133.96055946182,NULL,NULL,NULL,0,1,0,'2022-09-01','2022-09-30',958.16),(150,'2022-10-05 11:18:53','2022-10-05',3041.84,156,3041.84,'427fb63d-6bd5-4398-91dd-2f058da08b4f','CPE190207226','1970-01-01',133.96055946182,NULL,NULL,NULL,0,1,0,'2022-09-01','2022-09-30',958.16),(151,'2022-10-13 10:04:17','2022-10-13',3041.84,156,3041.84,'6ca293c2-ad0f-43eb-a620-ac0032c29fba','CPE190207226','1970-01-01',133.96055946182,NULL,NULL,NULL,0,1,0,'2022-09-01','2022-09-30',NULL),(152,'2022-10-13 10:35:38','2022-10-13',3041.84,156,3041.84,'e64acdca-d91c-4cec-8232-a11cdb465ce5','CPE190207226','1970-01-01',133.96055946182,NULL,NULL,NULL,1,0,0,'2022-09-01','2022-09-30',958.16);

/*Table structure for table `facturasservicios` */

DROP TABLE IF EXISTS `facturasservicios`;

CREATE TABLE `facturasservicios` (
  `folio` int(11) NOT NULL AUTO_INCREMENT,
  `foliofactura` int(11) DEFAULT NULL,
  `folioservicio` int(11) DEFAULT NULL,
  PRIMARY KEY (`folio`)
) ENGINE=MyISAM AUTO_INCREMENT=262 DEFAULT CHARSET=utf8;

/*Data for the table `facturasservicios` */

insert  into `facturasservicios`(`folio`,`foliofactura`,`folioservicio`) values (261,152,723),(260,152,750),(259,152,728),(258,151,0),(257,151,0),(256,151,0),(255,150,0),(254,150,0),(253,150,0),(252,149,0),(251,149,0),(250,149,0),(249,148,0),(248,148,0),(247,148,0),(246,147,0),(245,147,0),(244,147,0),(243,146,0),(242,146,0),(241,146,0),(240,145,0),(239,145,0),(238,145,0),(237,144,0),(236,144,0),(235,144,0),(234,143,0),(233,143,0),(232,143,0),(231,142,0),(230,142,0),(229,142,0),(228,141,0),(227,141,0),(226,141,0),(225,140,0),(224,140,0),(223,140,0),(222,139,0),(221,139,0),(220,139,0),(219,138,0),(218,138,0),(217,138,0),(216,137,0),(215,137,0),(214,137,0),(213,136,0),(212,136,0),(211,136,0),(210,135,0),(209,135,0),(208,135,0),(207,134,0),(206,134,0),(205,134,0),(204,133,0),(203,133,0),(202,133,0),(201,132,0),(200,132,0),(199,132,0),(198,131,0),(197,131,0),(196,131,0),(195,130,0),(194,129,0),(193,129,0),(192,129,0),(191,128,730),(190,128,743),(189,128,741),(188,128,737),(187,128,725),(186,128,716),(185,128,732),(184,128,722),(183,128,699),(182,128,738),(181,128,702),(180,127,727),(179,127,726),(178,127,719),(177,127,747),(176,127,735),(175,127,717),(174,127,720),(173,127,740),(172,127,721),(171,127,698),(170,127,748),(169,127,739),(168,127,718),(167,127,703),(166,127,745),(165,127,729),(164,127,700),(163,127,746),(162,127,742),(161,127,736),(160,127,724),(159,127,701),(158,121,659),(157,120,660),(156,119,662),(155,108,664),(154,107,665),(153,106,663),(152,105,648),(151,104,647),(150,103,650),(149,102,0),(148,101,0),(147,100,0),(146,99,0),(145,98,0),(144,97,0),(143,96,0),(142,95,0),(141,95,0);

/*Table structure for table `grupo` */

DROP TABLE IF EXISTS `grupo`;

CREATE TABLE `grupo` (
  `idgrupo` int(11) NOT NULL AUTO_INCREMENT,
  `nombre` varchar(100) NOT NULL,
  `rzonsocial` varchar(100) NOT NULL,
  `rfc` varchar(50) NOT NULL,
  `direccion` varchar(100) DEFAULT NULL,
  PRIMARY KEY (`idgrupo`)
) ENGINE=MyISAM AUTO_INCREMENT=15 DEFAULT CHARSET=utf8;

/*Data for the table `grupo` */

insert  into `grupo`(`idgrupo`,`nombre`,`rzonsocial`,`rfc`,`direccion`) values (13,'PETROMAR DEL PACIFICO SA DE CV','PETROMAR DEL PACIFICO SA DE CV','PPA0206052K1','Av Camarón Sábalo S/N Lomas de Mazatlán CP 82110'),(14,'SERVICIO RIO PRESIDIO SA DE CV','SERVICIO RIO PRESIDIO SA DE CV','SRP8310242D4','Carret. Int. KM 1174 Villa Unión CP 82210');

/*Table structure for table `impuestos` */

DROP TABLE IF EXISTS `impuestos`;

CREATE TABLE `impuestos` (
  `IVA` double NOT NULL,
  `IEPSmagna` double NOT NULL,
  `IEPSpremium` double NOT NULL,
  `IEPSdiesel` double NOT NULL
) ENGINE=MyISAM DEFAULT CHARSET=utf8;

/*Data for the table `impuestos` */

insert  into `impuestos`(`IVA`,`IEPSmagna`,`IEPSpremium`,`IEPSdiesel`) values (16,0.48472,0.591449,0.402288);

/*Table structure for table `medicionesgas` */

DROP TABLE IF EXISTS `medicionesgas`;

CREATE TABLE `medicionesgas` (
  `id` int(11) NOT NULL AUTO_INCREMENT,
  `consumidorid` int(11) DEFAULT NULL,
  `lat` float DEFAULT NULL,
  `longi` float DEFAULT NULL,
  `cantidad` double DEFAULT NULL,
  `fecha` timestamp NOT NULL DEFAULT CURRENT_TIMESTAMP ON UPDATE CURRENT_TIMESTAMP,
  PRIMARY KEY (`id`)
) ENGINE=MyISAM AUTO_INCREMENT=2 DEFAULT CHARSET=utf8;

/*Data for the table `medicionesgas` */

insert  into `medicionesgas`(`id`,`consumidorid`,`lat`,`longi`,`cantidad`,`fecha`) values (1,1,23.2397,-106.446,80,'2022-06-25 14:09:08');

/*Table structure for table `odometro` */

DROP TABLE IF EXISTS `odometro`;

CREATE TABLE `odometro` (
  `folio` int(11) NOT NULL AUTO_INCREMENT,
  `idvehiculo` int(11) DEFAULT NULL,
  `fecha` timestamp NOT NULL DEFAULT CURRENT_TIMESTAMP ON UPDATE CURRENT_TIMESTAMP,
  `kmanterior` double DEFAULT NULL,
  `kmnuevo` double DEFAULT NULL,
  `idservicio` int(11) NOT NULL,
  PRIMARY KEY (`folio`)
) ENGINE=MyISAM AUTO_INCREMENT=295 DEFAULT CHARSET=utf8;

/*Data for the table `odometro` */

insert  into `odometro`(`folio`,`idvehiculo`,`fecha`,`kmanterior`,`kmnuevo`,`idservicio`) values (294,78,'2022-10-06 11:50:25',0,17770,758),(293,86,'2022-10-04 11:33:35',41654,42015,753),(292,81,'2022-10-01 12:15:45',174022,174023,751),(291,88,'2022-09-28 11:09:52',2569,2571,749),(290,88,'2022-09-28 11:08:22',2569,2570,748),(289,81,'2022-09-26 13:05:40',174021,174022,746),(288,81,'2022-09-22 13:09:41',172223,174021,742),(287,91,'2022-09-19 20:41:24',29998,29999,740),(286,88,'2022-09-19 16:58:56',2568,2569,739),(285,81,'2022-09-15 11:00:56',97161,172223,736),(284,81,'2022-09-10 12:01:07',96836,97161,724),(283,91,'2022-09-09 18:57:08',29363,29998,721),(282,88,'2022-09-07 10:53:29',0,2568,718),(281,86,'2022-09-03 11:28:57',0,41654,703),(280,81,'2022-09-02 11:57:55',0,96836,701),(279,91,'2022-09-01 12:49:59',0,29363,698),(278,60,'2022-06-11 11:36:05',120,121,665),(277,60,'2022-06-11 10:21:34',115,120,664),(276,60,'2022-06-02 12:42:53',110,115,662),(275,60,'2022-05-31 11:42:44',109,110,660),(274,60,'2022-05-31 11:42:44',109,110,659),(273,60,'2022-05-31 11:42:44',109,110,658),(272,60,'2022-05-31 11:42:43',109,110,656),(271,60,'2022-05-31 11:42:43',109,110,656),(270,60,'2022-05-31 09:33:49',108,109,655),(269,60,'2022-05-31 09:33:17',107,108,654),(268,60,'2022-05-30 17:20:16',106,107,653),(267,60,'2022-05-30 17:19:15',105,106,652),(266,60,'2022-05-30 12:36:38',104,105,651),(265,60,'2022-05-30 12:35:34',103,104,650),(264,60,'2022-05-30 12:26:19',102,103,649),(263,60,'2022-05-30 12:26:19',102,103,648),(262,60,'2022-05-30 12:19:19',101,102,647),(261,60,'2022-05-30 12:04:09',100,101,646),(260,60,'2022-05-30 12:02:28',0,100,645);

/*Table structure for table `pagosaplicaciones` */

DROP TABLE IF EXISTS `pagosaplicaciones`;

CREATE TABLE `pagosaplicaciones` (
  `folio_p` int(11) NOT NULL AUTO_INCREMENT,
  `idcliente` int(11) DEFAULT NULL,
  `fechacaptura` timestamp NOT NULL DEFAULT CURRENT_TIMESTAMP ON UPDATE CURRENT_TIMESTAMP,
  `idfactura` int(11) DEFAULT NULL,
  `importe` double DEFAULT NULL,
  `foliopago` int(11) DEFAULT NULL,
  `abono` double DEFAULT NULL,
  `generado` int(11) DEFAULT NULL,
  `inactivo` int(11) DEFAULT NULL,
  `folio_servicio` int(10) DEFAULT NULL,
  `restanteabono` double DEFAULT NULL,
  `cancelado` int(11) DEFAULT '0',
  PRIMARY KEY (`folio_p`)
) ENGINE=MyISAM AUTO_INCREMENT=414 DEFAULT CHARSET=utf8;

/*Data for the table `pagosaplicaciones` */

insert  into `pagosaplicaciones`(`folio_p`,`idcliente`,`fechacaptura`,`idfactura`,`importe`,`foliopago`,`abono`,`generado`,`inactivo`,`folio_servicio`,`restanteabono`,`cancelado`) values (301,145,'2022-05-30 12:36:38',0,15,107,15,0,0,651,9223,0),(300,145,'2022-05-31 11:03:47',103,10,107,10,0,0,650,9238,0),(299,145,'2022-05-30 15:38:45',98,20,107,20,0,0,649,9248,1),(298,145,'2022-05-31 11:33:47',105,20,107,20,0,0,648,9268,0),(297,145,'2022-05-31 11:09:45',104,1,107,1,0,0,647,9288,0),(296,145,'2022-05-30 13:44:44',97,10,107,10,0,0,646,9289,1),(295,145,'2022-05-30 15:59:05',102,1,107,1,0,0,645,9299,1),(294,145,'2022-05-30 15:59:40',101,200,107,200,0,0,644,9300,1),(293,145,'2022-05-27 18:03:41',0,500,107,500,0,0,1,9500,0),(302,145,'2022-05-30 17:19:15',0,100,107,100,0,0,652,9354,0),(303,145,'2022-05-30 17:20:16',0,0,107,0,0,0,653,9354,0),(304,145,'2022-05-31 09:33:17',0,0,107,0,0,0,654,9354,0),(305,145,'2022-05-31 09:33:49',0,1,107,1,0,0,655,9353,0),(306,145,'2022-05-31 11:42:43',0,1,107,1,0,0,656,9352,0),(307,145,'2022-05-31 11:42:43',0,1,107,1,0,0,657,9351,0),(308,145,'2022-05-31 11:42:43',0,1,107,1,0,0,658,9350,0),(309,145,'2022-07-14 13:29:18',121,1,107,1,0,0,659,9349,0),(310,145,'2022-07-14 13:28:10',120,1,107,1,0,0,660,9348,0),(311,145,'2022-07-12 18:22:20',119,150,107,150,0,0,662,9198,0),(312,145,'2022-06-08 17:50:26',106,500,107,500,0,0,663,8698,0),(313,145,'2022-07-01 11:21:29',108,1,107,1,0,0,664,8697,0),(314,145,'2022-06-22 11:36:39',107,100,107,100,0,0,665,8597,0),(315,156,'2022-07-30 14:39:07',0,10,110,10,0,0,666,90,0),(316,156,'2022-07-30 14:42:24',0,10,110,10,0,0,667,80,0),(317,156,'2022-07-30 14:44:26',0,10,110,10,0,0,668,70,0),(318,156,'2022-07-30 14:45:26',0,5,110,5,0,0,669,65,0),(319,156,'2022-07-30 14:46:20',0,5,110,5,0,0,670,60,0),(320,156,'2022-07-30 14:48:39',0,5,110,5,0,0,671,55,0),(321,156,'2022-07-30 14:50:08',0,5,110,5,0,0,672,50,0),(322,156,'2022-07-30 14:50:39',0,5,110,5,0,0,673,45,0),(323,156,'2022-08-24 10:59:05',0,500,111,500,0,0,664,3500,0),(324,156,'2022-08-24 11:06:01',0,200,111,200,0,0,675,3300,0),(325,156,'2022-08-24 11:38:00',0,1,111,1,0,0,676,3299,0),(326,156,'2022-08-24 11:38:10',0,1,111,1,0,0,677,3298,0),(327,156,'2022-08-24 11:44:22',0,1,111,1,0,0,678,3297,0),(333,156,'2022-08-29 11:55:08',0,1,111,1,0,0,684,3989,1),(332,156,'2022-08-29 11:48:45',0,5,111,5,0,0,683,3985,1),(331,156,'2022-08-29 11:47:41',0,10,111,10,0,0,664,3990,0),(334,156,'2022-08-29 11:56:19',0,6,111,6,0,0,685,3984,1),(335,156,'2022-08-29 11:56:21',0,6,111,6,0,0,686,3978,1),(336,156,'2022-08-29 11:57:41',0,1,111,1,0,0,687,3989,1),(337,156,'2022-08-29 11:57:39',0,2,111,2,0,0,688,3987,1),(338,156,'2022-08-29 12:00:23',0,10,111,10,0,0,689,3980,1),(339,156,'2022-08-29 12:02:14',0,1,111,1,0,0,690,3989,1),(340,156,'2022-08-29 12:02:16',0,1,111,1,0,0,691,3988,1),(341,156,'2022-08-29 12:02:18',0,1,111,1,0,0,692,3987,1),(342,156,'2022-08-29 12:02:21',0,1,111,1,0,0,693,3986,1),(343,156,'2022-08-29 12:13:16',0,1,111,1,0,0,694,3999,1),(344,156,'2022-08-29 12:13:44',0,1,111,1,0,0,695,3999,1),(345,156,'2022-08-29 12:15:28',0,1,111,1,0,0,696,3999,1),(346,156,'2022-08-29 19:46:46',0,10,111,10,0,0,697,3990,1),(347,148,'2022-10-04 13:02:15',127,1261.68,113,1261.68,0,0,698,41738.32,0),(348,147,'2022-10-04 13:04:17',128,1000,114,1000,0,0,699,41000,0),(349,148,'2022-10-04 13:02:15',127,700,113,700,0,0,700,41038.32,0),(350,148,'2022-10-04 13:02:15',127,637.71,113,637.71,0,0,701,40400.61,0),(351,147,'2022-10-04 13:04:17',128,1074.21,114,1074.21,0,0,702,39925.79,0),(352,148,'2022-10-04 13:02:15',127,683,113,683,0,0,703,39717.61,0),(353,156,'2022-09-03 12:11:37',0,1,111,1,0,0,704,3999,1),(354,156,'2022-09-03 12:17:36',0,1,111,1,0,0,705,3999,1),(355,156,'2022-09-03 12:16:58',0,2,111,2,0,0,706,3997,1),(356,156,'2022-09-03 12:23:09',0,2,111,2,0,0,707,3998,1),(357,156,'2022-09-03 12:22:49',0,2,111,2,0,0,708,3996,1),(358,156,'2022-09-03 13:05:40',0,2,111,2,0,0,709,3998,1),(359,156,'2022-09-03 13:06:36',0,4,111,4,0,0,710,3996,1),(360,156,'2022-09-03 13:15:59',0,2,111,2,0,0,711,3998,1),(361,156,'2022-09-03 13:16:15',0,2,111,2,0,0,712,3996,1),(362,156,'2022-09-03 13:16:07',0,6,111,6,0,0,713,3990,1),(363,156,'2022-09-03 13:46:18',0,2,111,2,0,0,714,3998,1),(364,156,'2022-09-03 13:46:10',0,1,111,1,0,0,715,3997,1),(365,147,'2022-10-04 13:04:17',128,800,114,800,0,0,716,39125.79,0),(366,148,'2022-10-04 13:02:15',127,987.99,113,987.99,0,0,717,38729.62,0),(367,148,'2022-10-04 13:02:15',127,147.82,113,147.82,0,0,718,38581.8,0),(368,148,'2022-10-04 13:02:15',127,300,113,300,0,0,719,38281.8,0),(369,148,'2022-10-04 13:02:15',127,1250,113,1250,0,0,720,37031.8,0),(370,148,'2022-10-04 13:02:15',127,700,113,700,0,0,721,36331.8,0),(371,147,'2022-10-04 13:04:17',128,500,114,500,0,0,722,38625.79,0),(372,156,'2022-10-13 10:35:38',152,1042.32,111,1042.32,0,0,723,2957.68,0),(373,148,'2022-10-04 13:02:15',127,765.91,113,765.91,0,0,724,35565.89,0),(374,147,'2022-10-04 13:04:17',128,700,114,700,0,0,725,37925.79,0),(375,148,'2022-10-04 13:02:15',127,200,113,200,0,0,726,35365.89,0),(376,148,'2022-10-04 13:02:15',127,200,113,200,0,0,727,35165.89,0),(377,156,'2022-10-13 10:35:38',152,1056.52,111,1056.52,0,0,728,1901.16,0),(378,148,'2022-10-04 13:02:15',127,700,113,700,0,0,729,34465.89,0),(379,147,'2022-10-04 13:04:17',128,1213.52,114,1213.52,0,0,730,36712.27,0),(380,156,'2022-09-13 18:20:40',0,1,111,1,0,0,731,1900.16,1),(381,147,'2022-10-04 13:04:17',128,500,114,500,0,0,732,36212.27,0),(382,156,'2022-09-14 13:10:14',0,1,111,1,0,0,733,1900.16,1),(383,156,'2022-09-14 13:16:39',0,1,111,1,0,0,734,1900.16,1),(384,148,'2022-10-04 13:02:15',127,1147.39,113,1147.39,0,0,735,33318.5,0),(385,148,'2022-10-04 13:02:15',127,672.67,113,672.67,0,0,736,32645.83,0),(386,147,'2022-10-04 13:04:17',128,600,114,600,0,0,737,35612.27,0),(387,147,'2022-10-04 13:04:17',128,1289.06,114,1289.06,0,0,738,34323.21,0),(388,148,'2022-10-04 13:02:15',127,153.2,113,153.2,0,0,739,32492.63,0),(389,148,'2022-10-04 13:02:15',127,600,113,600,0,0,740,31892.63,0),(390,147,'2022-10-04 13:04:17',128,400,114,400,0,0,741,33923.21,0),(391,148,'2022-10-04 13:02:15',127,300,113,300,0,0,742,31592.63,0),(392,147,'2022-10-04 13:04:17',128,984.43,114,984.43,0,0,743,32938.78,0),(393,147,'2022-09-23 10:51:28',0,984.43,114,984.43,0,0,744,31954.35,1),(394,148,'2022-10-04 13:02:15',127,600,113,600,0,0,745,30992.63,0),(395,148,'2022-10-04 13:02:15',127,600,113,600,0,0,746,30392.63,0),(396,148,'2022-10-04 13:02:15',127,1401.46,113,1401.46,0,0,747,28991.17,0),(397,148,'2022-10-04 13:02:15',127,139,113,139,0,0,748,28852.17,0),(398,148,'2022-09-28 11:21:20',0,139,113,139,0,0,749,28713.17,1),(399,156,'2022-10-13 10:35:38',152,943,111,943,0,0,750,958.16,0),(400,148,'2022-10-01 12:15:45',0,644.56,113,644.56,0,0,751,28207.61,0),(401,147,'2022-10-01 17:26:14',0,500,114,500,0,0,752,32438.78,0),(402,148,'2022-10-04 11:33:35',0,739.92,113,739.92,0,0,753,27467.69,0),(403,145,'2022-10-04 13:27:33',130,10,107,10,0,0,754,8587,0),(404,145,'2022-10-04 13:27:33',130,0,115,0,0,0,754,103,0),(405,145,'2022-10-04 13:27:33',130,0,116,0,0,0,754,50,0),(406,148,'2022-10-04 15:10:21',0,300,113,300,0,0,755,27167.69,0),(407,148,'2022-10-05 12:37:20',0,700,113,700,0,0,756,26467.69,0),(408,148,'2022-10-05 15:22:22',0,300,113,300,0,0,757,26167.69,0),(409,148,'2022-10-06 11:50:25',0,522.66,113,522.66,0,0,758,25645.03,0),(410,148,'2022-10-07 12:18:45',0,1243.48,113,1243.48,0,0,759,24401.55,0),(411,147,'2022-10-08 15:33:04',0,500,114,500,0,0,760,31938.78,0),(412,147,'2022-10-11 20:42:05',0,700,114,700,0,0,761,31238.78,0),(413,156,'2022-10-13 17:26:44',0,936,111,936,0,0,762,22.16,0);

/*Table structure for table `precio_prod` */

DROP TABLE IF EXISTS `precio_prod`;

CREATE TABLE `precio_prod` (
  `folioprod` int(11) NOT NULL AUTO_INCREMENT,
  `idestacionprod` int(11) NOT NULL,
  `nombreprod` varchar(50) NOT NULL,
  `preciouni` double NOT NULL,
  `idproduc` int(11) NOT NULL,
  `ieps` double NOT NULL,
  `idgrupoestprod` int(11) NOT NULL,
  `fecha` datetime DEFAULT NULL,
  PRIMARY KEY (`folioprod`)
) ENGINE=MyISAM AUTO_INCREMENT=345 DEFAULT CHARSET=utf8;

/*Data for the table `precio_prod` */

insert  into `precio_prod`(`folioprod`,`idestacionprod`,`nombreprod`,`preciouni`,`idproduc`,`ieps`,`idgrupoestprod`,`fecha`) values (344,7,'PEMEX DIESEL',23.99,3,0.402288,0,'2022-09-30 06:00:00'),(343,7,'PEMEX PREMIUM',23.95,2,0.591449,0,'2022-09-30 06:00:00'),(342,7,'PEMEX MAGNA',22.49,1,0.48472,0,'2022-09-30 06:00:00'),(341,6,'PEMEX DIESEL',23.99,3,0.402288,0,'2022-09-30 06:00:00'),(340,6,'PEMEX PREMIUM',23.95,2,0.591449,0,'2022-09-30 06:00:00'),(339,6,'PEMEX MAGNA',22.49,1,0.48472,0,'2022-09-30 06:00:00'),(338,5,'PEMEX DIESEL',23.99,3,0.402288,0,'2022-09-30 06:00:00'),(337,5,'PEMEX PREMIUM',23.95,2,0.591449,0,'2022-09-30 06:00:00'),(336,5,'PEMEX MAGNA',22.49,1,0.48472,0,'2022-09-30 06:00:00'),(335,4,'PEMEX DIESEL',23.99,3,0.402288,0,'2022-09-30 06:00:00'),(334,4,'PEMEX PREMIUM',23.95,2,0.591449,0,'2022-09-30 06:00:00'),(333,4,'PEMEX MAGNA',22.49,1,0.48472,0,'2022-09-30 06:00:00'),(332,3,'PEMEX DIESEL',23.99,3,0.402288,0,'2022-09-30 06:00:00'),(331,3,'PEMEX PREMIUM',23.95,2,0.591449,0,'2022-09-30 06:00:00'),(330,3,'PEMEX MAGNA',22.49,1,0.48472,0,'2022-09-30 06:00:00'),(329,2,'PEMEX DIESEL',23.99,3,0.402288,0,'2022-09-30 06:00:00'),(328,2,'PEMEX PREMIUM',23.95,2,0.591449,0,'2022-09-30 06:00:00'),(327,2,'PEMEX MAGNA',22.49,1,0.48472,0,'2022-09-30 06:00:00'),(326,1,'PEMEX DIESEL',23.99,3,0.402288,0,'2022-09-30 06:00:00'),(325,1,'PEMEX PREMIUM',23.95,2,0.591449,0,'2022-09-30 06:00:00'),(324,1,'PEMEX MAGNA',22.49,1,0.48472,0,'2022-09-30 06:00:00'),(323,7,'PEMEX DIESEL',23.99,3,0.402288,0,'2022-09-29 06:00:00'),(322,7,'PEMEX PREMIUM',23.95,2,0.591449,0,'2022-09-29 06:00:00'),(321,7,'PEMEX MAGNA',22.19,1,0.48472,0,'2022-09-29 06:00:00'),(320,6,'PEMEX DIESEL',23.99,3,0.402288,0,'2022-09-29 06:00:00'),(319,6,'PEMEX PREMIUM',23.95,2,0.591449,0,'2022-09-29 06:00:00'),(318,6,'PEMEX MAGNA',22.19,1,0.48472,0,'2022-09-29 06:00:00'),(317,5,'PEMEX DIESEL',23.99,3,0.402288,0,'2022-09-29 06:00:00'),(316,5,'PEMEX PREMIUM',23.95,2,0.591449,0,'2022-09-29 06:00:00'),(315,5,'PEMEX MAGNA',22.19,1,0.48472,0,'2022-09-29 06:00:00'),(314,4,'PEMEX DIESEL',23.99,3,0.402288,0,'2022-09-29 06:00:00'),(313,4,'PEMEX PREMIUM',23.95,2,0.591449,0,'2022-09-29 06:00:00'),(312,4,'PEMEX MAGNA',22.19,1,0.48472,0,'2022-09-29 06:00:00'),(311,3,'PEMEX DIESEL',23.99,3,0.402288,0,'2022-09-29 06:00:00'),(310,3,'PEMEX PREMIUM',23.95,2,0.591449,0,'2022-09-29 06:00:00'),(309,3,'PEMEX MAGNA',22.19,1,0.48472,0,'2022-09-29 06:00:00'),(308,2,'PEMEX DIESEL',23.99,3,0.402288,0,'2022-09-29 06:00:00'),(307,2,'PEMEX PREMIUM',23.95,2,0.591449,0,'2022-09-29 06:00:00'),(306,2,'PEMEX MAGNA',22.19,1,0.48472,0,'2022-09-29 06:00:00'),(305,1,'PEMEX DIESEL',23.99,3,0.402288,0,'2022-09-29 06:00:00'),(304,1,'PEMEX PREMIUM',23.95,2,0.591449,0,'2022-09-29 06:00:00'),(303,1,'PEMEX MAGNA',22.19,1,0.48472,0,'2022-09-29 06:00:00'),(302,7,'PEMEX DIESEL',23.99,3,0.402288,0,'2022-09-28 20:30:00'),(301,7,'PEMEX PREMIUM',23.95,2,0.591449,0,'2022-09-28 20:30:00'),(300,7,'PEMEX MAGNA',22.19,1,0.48472,0,'2022-09-28 20:30:00'),(299,6,'PEMEX DIESEL',23.99,3,0.402288,0,'2022-09-28 20:30:00'),(298,6,'PEMEX PREMIUM',23.95,2,0.591449,0,'2022-09-28 20:30:00'),(297,6,'PEMEX MAGNA',22.19,1,0.48472,0,'2022-09-28 20:30:00'),(296,5,'PEMEX DIESEL',23.99,3,0.402288,0,'2022-09-28 20:30:00'),(295,5,'PEMEX PREMIUM',23.95,2,0.591449,0,'2022-09-28 20:30:00'),(294,5,'PEMEX MAGNA',22.19,1,0.48472,0,'2022-09-28 20:30:00'),(293,4,'PEMEX DIESEL',23.99,3,0.402288,0,'2022-09-28 20:30:00'),(292,4,'PEMEX PREMIUM',23.95,2,0.591449,0,'2022-09-28 20:30:00'),(291,4,'PEMEX MAGNA',22.19,1,0.48472,0,'2022-09-28 20:30:00'),(290,3,'PEMEX DIESEL',23.99,3,0.402288,0,'2022-09-28 20:30:00'),(289,3,'PEMEX PREMIUM',23.95,2,0.591449,0,'2022-09-28 20:30:00'),(288,3,'PEMEX MAGNA',22.19,1,0.48472,0,'2022-09-28 20:30:00'),(287,2,'PEMEX DIESEL',23.99,3,0.402288,0,'2022-09-28 20:30:00'),(286,2,'PEMEX PREMIUM',23.95,2,0.591449,0,'2022-09-28 20:30:00'),(285,2,'PEMEX MAGNA',22.19,1,0.48472,0,'2022-09-28 20:30:00'),(284,1,'PEMEX DIESEL',23.99,3,0.402288,0,'2022-09-28 20:30:00'),(283,1,'PEMEX PREMIUM',23.95,2,0.591449,0,'2022-09-28 20:30:00'),(282,1,'PEMEX MAGNA',22.19,1,0.48472,0,'2022-09-28 20:30:00'),(281,7,'PEMEX DIESEL',23.99,3,0.402288,0,'2022-09-29 06:00:00'),(280,7,'PEMEX PREMIUM',23.95,2,0.591449,0,'2022-09-29 06:00:00'),(279,7,'PEMEX MAGNA',22.19,1,0.48472,0,'2022-09-29 06:00:00'),(278,6,'PEMEX DIESEL',23.99,3,0.402288,0,'2022-09-29 06:00:00'),(277,6,'PEMEX PREMIUM',23.95,2,0.591449,0,'2022-09-29 06:00:00'),(276,6,'PEMEX MAGNA',22.19,1,0.48472,0,'2022-09-29 06:00:00'),(275,5,'PEMEX DIESEL',23.99,3,0.402288,0,'2022-09-29 06:00:00'),(274,5,'PEMEX PREMIUM',23.95,2,0.591449,0,'2022-09-29 06:00:00'),(273,5,'PEMEX MAGNA',22.19,1,0.48472,0,'2022-09-29 06:00:00'),(272,4,'PEMEX DIESEL',23.99,3,0.402288,0,'2022-09-29 06:00:00'),(271,4,'PEMEX PREMIUM',23.95,2,0.591449,0,'2022-09-29 06:00:00'),(270,4,'PEMEX MAGNA',22.19,1,0.48472,0,'2022-09-29 06:00:00'),(269,3,'PEMEX DIESEL',23.99,3,0.402288,0,'2022-09-29 06:00:00'),(268,3,'PEMEX PREMIUM',23.95,2,0.591449,0,'2022-09-29 06:00:00'),(267,3,'PEMEX MAGNA',22.19,1,0.48472,0,'2022-09-29 06:00:00'),(266,2,'PEMEX DIESEL',23.99,3,0.402288,0,'2022-09-29 06:00:00'),(265,2,'PEMEX PREMIUM',23.95,2,0.591449,0,'2022-09-29 06:00:00'),(264,2,'PEMEX MAGNA',22.19,1,0.48472,0,'2022-09-29 06:00:00'),(263,1,'PEMEX DIESEL',23.99,3,0.402288,0,'2022-09-29 06:00:00'),(262,1,'PEMEX PREMIUM',23.95,2,0.591449,0,'2022-09-29 06:00:00'),(261,1,'PEMEX MAGNA',22.19,1,0.48472,0,'2022-09-29 06:00:00'),(260,7,'PEMEX DIESEL',23.99,3,0.402288,0,'2022-09-05 09:55:00'),(259,7,'PEMEX PREMIUM',22.39,2,0.591449,0,'2022-09-05 09:55:00'),(258,7,'PEMEX MAGNA',21.99,1,0.48472,0,'2022-09-05 09:55:00'),(257,6,'PEMEX DIESEL',23.99,3,0.402288,0,'2022-09-05 09:55:00'),(256,6,'PEMEX PREMIUM',22.39,2,0.591449,0,'2022-09-05 09:55:00'),(255,6,'PEMEX MAGNA',21.99,1,0.48472,0,'2022-09-05 09:55:00'),(254,5,'PEMEX DIESEL',23.99,3,0.402288,0,'2022-09-05 09:55:00'),(253,5,'PEMEX PREMIUM',22.39,2,0.591449,0,'2022-09-05 09:55:00'),(252,5,'PEMEX MAGNA',21.99,1,0.48472,0,'2022-09-05 09:55:00'),(251,4,'PEMEX DIESEL',23.99,3,0.402288,0,'2022-09-05 09:55:00'),(250,4,'PEMEX PREMIUM',22.39,2,0.591449,0,'2022-09-05 09:55:00'),(249,4,'PEMEX MAGNA',21.99,1,0.48472,0,'2022-09-05 09:55:00'),(248,3,'PEMEX DIESEL',23.99,3,0.402288,0,'2022-09-05 09:55:00'),(247,3,'PEMEX PREMIUM',22.39,2,0.591449,0,'2022-09-05 09:55:00'),(246,3,'PEMEX MAGNA',21.99,1,0.48472,0,'2022-09-05 09:55:00'),(245,2,'PEMEX DIESEL',23.99,3,0.402288,0,'2022-09-05 09:55:00'),(244,2,'PEMEX PREMIUM',22.39,2,0.591449,0,'2022-09-05 09:55:00'),(243,2,'PEMEX MAGNA',21.99,1,0.48472,0,'2022-09-05 09:55:00'),(242,1,'PEMEX DIESEL',23.99,3,0.402288,0,'2022-09-05 09:55:00'),(241,1,'PEMEX PREMIUM',22.39,2,0.591449,0,'2022-09-05 09:55:00'),(240,1,'PEMEX MAGNA',21.99,1,0.48472,0,'2022-09-05 09:55:00'),(239,1,'PEMEX DIESEL',0,3,0.402288,0,'2022-09-01 11:30:00'),(238,1,'PEMEX PREMIUM',23.89,2,0.591449,0,'2022-09-01 11:30:00'),(237,1,'PEMEX MAGNA',22.49,1,0.48472,0,'2022-09-01 11:30:00'),(236,7,'PEMEX DIESEL',10,3,0.402288,0,'2022-05-30 05:01:00'),(235,7,'PEMEX PREMIUM',10,2,0.591449,0,'2022-05-30 05:01:00'),(234,7,'PEMEX MAGNA',10,1,0.48472,0,'2022-05-30 05:01:00'),(233,6,'PEMEX DIESEL',10,3,0.402288,0,'2022-05-30 05:01:00'),(232,6,'PEMEX PREMIUM',10,2,0.591449,0,'2022-05-30 05:01:00'),(231,6,'PEMEX MAGNA',10,1,0.48472,0,'2022-05-30 05:01:00'),(230,5,'PEMEX DIESEL',10,3,0.402288,0,'2022-05-30 05:01:00'),(229,5,'PEMEX PREMIUM',10,2,0.591449,0,'2022-05-30 05:01:00'),(228,5,'PEMEX MAGNA',10,1,0.48472,0,'2022-05-30 05:01:00'),(227,4,'PEMEX DIESEL',10,3,0.402288,0,'2022-05-30 05:01:00'),(226,4,'PEMEX PREMIUM',10,2,0.591449,0,'2022-05-30 05:01:00'),(225,4,'PEMEX MAGNA',10,1,0.48472,0,'2022-05-30 05:01:00'),(224,3,'PEMEX DIESEL',10,3,0.402288,0,'2022-05-30 05:01:00'),(223,3,'PEMEX PREMIUM',10,2,0.591449,0,'2022-05-30 05:01:00'),(222,3,'PEMEX MAGNA',10,1,0.48472,0,'2022-05-30 05:01:00'),(221,2,'PEMEX DIESEL',10,3,0.402288,0,'2022-05-30 05:01:00'),(220,2,'PEMEX PREMIUM',10,2,0.591449,0,'2022-05-30 05:01:00'),(219,2,'PEMEX MAGNA',10,1,0.48472,0,'2022-05-30 05:01:00'),(218,1,'PEMEX DIESEL',10,3,0.402288,0,'2022-05-30 05:01:00'),(217,1,'PEMEX PREMIUM',10,2,0.591449,0,'2022-05-30 05:01:00'),(216,1,'PEMEX MAGNA',10,1,0.48472,0,'2022-05-30 05:01:00');

/*Table structure for table `productos` */

DROP TABLE IF EXISTS `productos`;

CREATE TABLE `productos` (
  `folio` int(11) NOT NULL AUTO_INCREMENT,
  `nombre` varchar(20) DEFAULT NULL,
  `codigo` int(15) DEFAULT NULL,
  `claveprod` int(20) DEFAULT NULL,
  `tipocombustible` varchar(2) DEFAULT NULL,
  `activo` int(11) DEFAULT NULL,
  PRIMARY KEY (`folio`)
) ENGINE=MyISAM AUTO_INCREMENT=5 DEFAULT CHARSET=utf8;

/*Data for the table `productos` */

insert  into `productos`(`folio`,`nombre`,`codigo`,`claveprod`,`tipocombustible`,`activo`) values (1,'PEMEX MAGNA',32011,15101514,'1',1),(2,'PEMEX PREMIUM',32012,15101515,'2',1),(3,'PEMEX DIESEL',32011,15101505,'3',1),(4,'GAS',12121,12123122,'4',0);

/*Table structure for table `reg_complementos` */

DROP TABLE IF EXISTS `reg_complementos`;

CREATE TABLE `reg_complementos` (
  `folio_complemento` int(11) NOT NULL AUTO_INCREMENT,
  `idcliente_complemento` int(10) NOT NULL,
  `foliopagoaplicacion` int(10) NOT NULL,
  `fechagenerado` date NOT NULL,
  `uuid` varchar(50) NOT NULL,
  `nombrecomplemento` varchar(70) DEFAULT NULL,
  PRIMARY KEY (`folio_complemento`)
) ENGINE=MyISAM AUTO_INCREMENT=83 DEFAULT CHARSET=utf8;

/*Data for the table `reg_complementos` */

/*Table structure for table `servicios` */

DROP TABLE IF EXISTS `servicios`;

CREATE TABLE `servicios` (
  `folio` int(11) NOT NULL AUTO_INCREMENT,
  `idcliente` int(11) NOT NULL,
  `estacion` int(11) DEFAULT NULL,
  `fecha` timestamp NOT NULL DEFAULT CURRENT_TIMESTAMP,
  `tarjeta` varchar(20) DEFAULT NULL,
  `importe` double NOT NULL,
  `producto` varchar(50) DEFAULT NULL,
  `litros` double DEFAULT NULL,
  `restante` double DEFAULT NULL,
  `facturado` int(11) DEFAULT '0',
  `preciounitario` double DEFAULT NULL,
  `tiposervicio` int(11) DEFAULT NULL,
  `bomba` varchar(30) DEFAULT NULL,
  `idchofer` int(11) DEFAULT NULL,
  `saldoProxima` double DEFAULT NULL,
  `cancelado` int(11) DEFAULT '0',
  PRIMARY KEY (`folio`)
) ENGINE=MyISAM AUTO_INCREMENT=763 DEFAULT CHARSET=utf8;

/*Data for the table `servicios` */

insert  into `servicios`(`folio`,`idcliente`,`estacion`,`fecha`,`tarjeta`,`importe`,`producto`,`litros`,`restante`,`facturado`,`preciounitario`,`tiposervicio`,`bomba`,`idchofer`,`saldoProxima`,`cancelado`) values (643,145,2,'2022-05-27 18:03:41','1111111111111111',500,'1',0,500,0,0,1,'BOMBA 1 ',54,9500,1),(644,145,3,'2022-05-28 10:37:30','1111111111111111',200,'1',0,200,0,0,1,'BOMBA 1 ',54,9300,1),(645,145,1,'2022-05-30 12:02:28','4000123456789010',1,'2',0.1,1,0,10,2,'BOMBA 1 STA FE',54,9299,1),(646,145,1,'2022-05-30 12:04:09','4000123456789010',10,'1',1,10,0,10,2,'BOMBA 1 STA FE',54,9289,1),(650,145,1,'2022-05-30 12:35:34','4000123456789010',10,'1',1,10,1,10,2,'BOMBA 1 STA FE',54,9238,0),(647,145,1,'2022-05-30 12:19:19','4000123456789010',1,'1',0.1,1,1,10,2,'BOMBA 1 STA FE',54,9288,0),(648,145,1,'2022-05-30 12:26:19','4000123456789010',20,'2',2,20,1,10,2,'BOMBA 1 STA FE',54,9268,0),(649,145,1,'2022-05-30 12:26:19','4000123456789010',20,'2',2,20,0,10,2,'BOMBA 1 STA FE',54,9268,1),(651,145,1,'2022-05-30 12:36:38','4000123456789010',15,'2',1.5,15,0,10,2,'BOMBA 1 STA FE',54,9223,0),(652,145,1,'2022-05-30 17:19:15','4000123456789010',100,'2',10,100,0,10,2,'BOMBA 1 STA FE',54,9354,0),(653,145,1,'2022-05-30 17:20:16','4000123456789010',0,'2',0,0,0,10,2,'BOMBA 1 STA FE',54,9354,0),(654,145,1,'2022-05-31 09:33:17','4000123456789010',0,'1',0,0,0,10,2,'BOMBA 1 STA FE',54,9354,0),(655,145,1,'2022-05-31 09:33:49','4000123456789010',1,'2',0.1,1,0,10,2,'BOMBA 1 STA FE',54,9353,0),(656,145,1,'2022-05-31 11:42:43','4000123456789010',1,'2',0.1,1,0,10,2,'BOMBA 1 STA FE',54,9352,0),(657,145,1,'2022-05-31 11:42:43','4000123456789010',1,'2',0.1,1,0,10,2,'BOMBA 1 STA FE',54,9352,0),(658,145,1,'2022-05-31 11:42:44','4000123456789010',1,'2',0.1,1,0,10,2,'BOMBA 1 STA FE',54,9352,0),(659,145,1,'2022-05-31 11:42:44','4000123456789010',1,'2',0.1,1,1,10,2,'BOMBA 1 STA FE',54,9352,0),(660,145,1,'2022-05-31 11:42:44','4000123456789010',1,'2',0.1,1,1,10,2,'BOMBA 1 STA FE',54,9352,0),(661,146,1,'2022-06-01 13:20:08','4025000011380873',500,'1',50,500,0,10,1,'BOMBA 1 ',55,9500,0),(662,145,1,'2022-06-02 12:42:53','4000123456789010',150,'2',15,150,1,10,2,'BOMBA 1 STA FE',54,9198,0),(663,145,3,'2022-06-08 17:50:09','4000123456789010',500,'1',50,500,1,10,1,'BOMBA 1 ',54,8698,0),(688,156,1,'2022-08-29 11:56:48','4025000061801674',2,'1',0.2,2,0,10,2,'BOMBA 1 STA FE',82,3987,1),(689,156,1,'2022-08-29 11:59:44','4025000061801674',10,'1',1,10,0,10,2,'BOMBA 1 STA FE',82,3980,1),(687,156,1,'2022-08-29 11:56:35','4025000061801674',1,'4',0,1,0,0,2,'BOMBA 1 STA FE',82,3989,1),(686,156,1,'2022-08-29 11:56:04','4025000061801674',6,'1',0.6,6,0,10,2,'BOMBA 1 STA FE',82,3984,1),(685,156,1,'2022-08-29 11:55:27','4025000061801674',6,'1',0.6,6,0,10,2,'BOMBA 1 STA FE',82,3984,1),(684,156,1,'2022-08-29 11:50:58','4025000061801674',1,'1',0.1,1,0,10,2,'BOMBA 1 STA FE',82,3989,1),(682,156,1,'2022-08-29 11:47:41','4025000061801674',10,'1',1,10,0,10,2,'BOMBA 1 STA FE',82,3990,1),(683,156,1,'2022-08-29 11:48:30','4025000061801674',5,'4',0,5,0,0,2,'BOMBA 1 STA FE',82,3985,1),(690,156,1,'2022-08-29 12:00:44','4025000061801674',1,'4',0,1,0,0,2,'BOMBA 1 STA FE',82,3989,1),(691,156,1,'2022-08-29 12:01:00','4025000061801674',1,'1',0.1,1,0,10,2,'BOMBA 1 STA FE',82,3988,1),(692,156,1,'2022-08-29 12:01:12','4025000061801674',1,'2',0.1,1,0,10,2,'BOMBA 1 STA FE',82,3987,1),(693,156,1,'2022-08-29 12:01:24','4025000061801674',1,'3',0.1,1,0,10,2,'BOMBA 1 STA FE',82,3986,1),(694,156,1,'2022-08-29 12:13:04','4025000061801674',1,'1',0.1,1,0,10,2,'BOMBA 1 STA FE',82,3999,1),(695,156,1,'2022-08-29 12:13:38','4025000061801674',1,'3',0.1,1,0,10,2,'BOMBA 1 STA FE',82,3999,1),(696,156,1,'2022-08-29 12:13:55','4025000061801674',1,'3',0.1,1,0,10,2,'BOMBA 1 STA FE',82,3999,1),(697,156,1,'2022-08-29 18:35:17','4025000061801674',10,'1',1,10,0,10,2,'BOMBA 1 STA FE',82,3990,1),(698,148,1,'2022-09-01 12:49:59','4025000041451564',1261.68,'1',56.099599822143,1261.68,1,22.49,2,'BOMBA 2 STA FE',96,41738.32,0),(699,147,1,'2022-09-02 09:47:28','4025000030440134',1000,'2',41.858518208455,1000,1,23.89,2,'BOMBA 1 STA FE',78,41000,0),(700,148,1,'2022-09-02 09:55:10','4025000088807225',700,'1',31.124944419742,700,1,22.49,2,'BOMBA 1 STA FE',121,41038.32,0),(701,148,1,'2022-09-02 11:57:55','4025000084678814',637.71,'1',28.355269008448,637.71,1,22.49,2,'BOMBA 2 STA FE',86,40400.61,0),(702,147,1,'2022-09-02 15:20:44','4025000057817524',1074.21,'1',47.763895064473,1074.21,1,22.49,2,'BOMBA 1 STA FE',79,39925.79,0),(703,148,1,'2022-09-03 11:28:57','4025000045702324',683,'1',30.369052912406,683,1,22.49,2,'BOMBA 1 STA FE',91,39717.61,0),(704,156,1,'2022-09-03 11:51:05','4025000061801674',1,'2',0.041858518208455,1,0,23.89,1,'BOMBA 1 ',82,3999,1),(705,156,1,'2022-09-03 12:15:13','4025000061801674',1,'2',0.041858518208455,1,0,23.89,2,'BOMBA 1 STA FE',82,3999,1),(706,156,1,'2022-09-03 12:16:08','4025000061801674',2,'2',0.083717036416911,2,0,23.89,2,'BOMBA 1 STA FE',82,3997,1),(707,156,1,'2022-09-03 12:18:23','4025000061801674',2,'2',0.083717036416911,2,0,23.89,2,'BOMBA 1 STA FE',82,3998,1),(708,156,1,'2022-09-03 12:19:56','4025000061801674',2,'2',0.083717036416911,2,0,23.89,1,'BOMBA 1 ',82,3996,1),(709,156,1,'2022-09-03 13:05:12','4025000061801674',2,'2',0.083717036416911,2,0,23.89,1,'BOMBA 1 ',82,3998,1),(710,156,1,'2022-09-03 13:06:12','4025000061801674',4,'2',0.16743407283382,4,0,23.89,1,'BOMBA 1 ',82,3996,1),(711,156,1,'2022-09-03 13:07:43','4025000061801674',2,'2',0.083717036416911,2,0,23.89,1,'BOMBA 1 ',82,3998,1),(712,156,1,'2022-09-03 13:12:38','4025000061801674',2,'2',0.083717036416911,2,0,23.89,1,'BOMBA 1 ',82,3996,1),(713,156,1,'2022-09-03 13:13:34','4025000061801674',6,'2',0.25115110925073,6,0,23.89,1,'BOMBA 1 ',82,3990,1),(714,156,1,'2022-09-03 13:22:50','4025000061801674',2,'2',0.083717036416911,2,0,23.89,1,'BOMBA 1 ',82,3998,1),(715,156,1,'2022-09-03 13:25:48','4025000061801674',1,'2',0.041858518208455,1,0,23.89,1,'BOMBA 1 ',82,3997,1),(716,147,1,'2022-09-03 15:57:03','4025000051604314',800,'1',35.571365051134,800,1,22.49,2,'BOMBA 1 STA FE',77,39125.79,0),(717,148,1,'2022-09-05 12:17:24','4025000055282454',987.99,'2',44.126395712372,987.99,1,22.39,2,'BOMBA 1 STA FE',100,38729.62,0),(718,148,1,'2022-09-07 10:53:29','4025000052707004',147.82,'1',6.7221464301955,147.82,1,21.99,2,'BOMBA 3 STA FE',93,38581.8,0),(719,148,1,'2022-09-08 20:37:21','4025000033383774',300,'1',13.642564802183,300,1,21.99,2,'BOMBA 1 STA FE',101,38281.8,0),(720,148,1,'2022-09-09 09:08:47','4025000017512614',1250,'1',56.844020009095,1250,1,21.99,2,'BOMBA 2 STA FE',98,37031.8,0),(721,148,1,'2022-09-09 18:57:08','4025000041451564',700,'1',31.832651205093,700,1,21.99,2,'BOMBA 1 STA FE',96,36331.8,0),(722,147,1,'2022-09-09 20:41:16','4025000030440134',500,'2',22.331397945511,500,1,22.39,2,'BOMBA 1 STA FE',78,38625.79,0),(723,156,1,'2022-09-09 20:49:13','4025000055024864',1042.32,'1',47.399727148704,1042.32,1,21.99,2,'BOMBA 1 STA FE',81,2957.6800000000003,0),(724,148,1,'2022-09-10 12:01:07','4025000084678814',765.91,'1',34.829922692133,765.91,1,21.99,2,'BOMBA 2 STA FE',86,35565.89,0),(725,147,1,'2022-09-10 17:06:06','4025000051604314',700,'1',31.832651205093,700,1,21.99,2,'BOMBA 1 STA FE',77,37925.79,0),(726,148,1,'2022-09-12 15:25:56','4025000033383774',200,'1',9.0950432014552,200,1,21.99,2,'BOMBA 1 STA FE',101,35365.89,0),(727,148,1,'2022-09-12 15:26:09','4025000033383774',200,'1',9.0950432014552,200,1,21.99,2,'BOMBA 1 STA FE',101,35365.89,0),(728,156,1,'2022-09-13 10:20:20','4025000061801674',1056.52,'2',47.187137114783,1056.52,1,22.39,1,'BOMBA 1 ',82,1901.16,0),(729,148,1,'2022-09-13 12:25:51','4025000088807225',700,'1',31.832651205093,700,1,21.99,2,'BOMBA 1 STA FE',121,34465.89,0),(730,147,1,'2022-09-13 13:16:41','4025000048076884',1213.52,'2',54.199196069674,1213.52,1,22.39,2,'BOMBA 1 STA FE',74,36712.270000000004,0),(731,156,1,'2022-09-13 18:18:41','4025000061801674',1,'2',0.044662795891023,1,0,22.39,2,'BOMBA 1 STA FE',82,1900.16,1),(732,147,1,'2022-09-14 09:19:47','4025000030440134',500,'2',22.331397945511,500,1,22.39,2,'BOMBA 3 STA FE',78,36212.27,0),(733,156,1,'2022-09-14 13:09:01','4025000061801674',1,'2',0.044662795891023,1,0,22.39,2,'BOMBA 1 STA FE',82,1900.16,1),(734,156,1,'2022-09-14 13:15:57','4025000061801674',1,'2',0.044662795891023,1,0,22.39,2,'BOMBA 1 STA FE',82,942.48,1),(735,148,1,'2022-09-14 18:10:39','4025000055282454',1147.39,'1',52.177808094588,1147.39,1,21.99,2,'BOMBA 1 STA FE',100,33318.5,0),(736,148,1,'2022-09-15 11:00:56','4025000084678814',672.67,'1',30.589813551614,672.67,1,21.99,2,'BOMBA 1 STA FE',86,32645.83,0),(737,147,1,'2022-09-15 20:36:03','4025000051604314',600,'1',27.285129604366,600,1,21.99,2,'BOMBA 1 STA FE',77,35612.27,0),(738,147,1,'2022-09-17 16:20:55','4025000057817524',1289.06,'3',53.733222175907,1289.06,1,23.99,2,'BOMBA 1 STA FE',79,34323.21,0),(739,148,1,'2022-09-19 16:58:56','4025000052707004',153.2,'1',6.9668030923147,153.2,1,21.99,2,'BOMBA 1 STA FE',93,32492.63,0),(740,148,1,'2022-09-19 20:41:24','4025000041451564',600,'1',27.285129604366,600,1,21.99,2,'BOMBA 1 STA FE',96,31892.63,0),(741,147,1,'2022-09-21 10:38:29','4025000051604314',400,'1',18.19008640291,400,1,21.99,2,'BOMBA 1 STA FE',77,33923.21,0),(742,148,1,'2022-09-22 13:09:41','4025000084678814',300,'1',13.642564802183,300,1,21.99,2,'BOMBA 2 STA FE',86,31592.63,0),(743,147,1,'2022-09-22 15:25:54','4025000016150484',984.43,'2',43.967396159,984.43,1,22.39,2,'BOMBA 1 STA FE',76,32938.78,0),(744,147,1,'2022-09-22 15:26:54','4025000016150484',984.43,'2',43.967396159,984.43,0,22.39,2,'BOMBA 1 STA FE',76,31954.35,1),(745,148,1,'2022-09-22 19:44:56','4025000088807225',600,'1',27.285129604366,600,1,21.99,2,'BOMBA 1 STA FE',121,30992.63,0),(746,148,1,'2022-09-26 13:05:40','4025000084678814',600,'1',27.285129604366,600,1,21.99,2,'BOMBA 1 STA FE',86,30392.63,0),(747,148,1,'2022-09-27 13:02:13','4025000055282454',1401.46,'2',62.593121929433,1401.46,1,22.39,1,'BOMBA 1 ',100,28991.17,0),(748,148,1,'2022-09-28 11:08:22','4025000052707004',139,'3',5.7940808670279,139,1,23.99,2,'BOMBA 1 STA FE',93,28852.17,0),(749,148,1,'2022-09-28 11:09:52','4025000052707004',139,'3',5.7940808670279,139,0,23.99,2,'BOMBA 1 STA FE',93,28713.17,1),(750,156,1,'2022-09-30 17:51:46','4025000061801674',943,'2',39.37369519833,943,1,23.95,1,'BOMBA 1 ',82,958.16,0),(751,148,1,'2022-10-01 12:15:45','4025000084678814',644.56,'1',28.659848821699,644.56,0,22.49,2,'BOMBA 1 STA FE',86,28207.609999999997,0),(752,147,1,'2022-10-01 17:26:14','4025000057817524',500,'1',22.232103156959,500,0,22.49,2,'BOMBA 1 STA FE',79,32438.78,0),(753,148,1,'2022-10-04 11:33:35','4025000045702324',739.92,'1',32.899955535794,739.92,0,22.49,2,'BOMBA 1 STA FE',91,27467.690000000002,0),(754,145,1,'2022-10-04 13:26:41','4025000088807226',10,'2',0.41753653444676,10,0,23.95,1,'BOMBA 1 ',122,8740,0),(755,148,1,'2022-10-04 15:10:21','4025000033383774',300,'1',13.339261894175,300,0,22.49,2,'BOMBA 1 STA FE',101,27167.69,0),(756,148,1,'2022-10-05 12:37:20','4025000088807225',700,'1',31.124944419742,700,0,22.49,2,'BOMBA 2 STA FE',121,26467.69,0),(757,148,1,'2022-10-05 15:22:22','4025000013767144',300,'1',13.339261894175,300,0,22.49,2,'BOMBA 1 STA FE',102,26167.69,0),(758,148,1,'2022-10-06 11:50:25','4025000018166774',522.66,'1',23.239662072032,522.66,0,22.49,2,'BOMBA 1 STA FE',83,25645.03,0),(759,148,1,'2022-10-07 12:18:45','4025000055282454',1243.48,'2',51.919832985386,1243.48,0,23.95,2,'BOMBA 1 STA FE',100,24401.55,0),(760,147,1,'2022-10-08 15:33:04','4025000030440134',500,'2',20.876826722338,500,0,23.95,2,'BOMBA 1 STA FE',78,31938.78,0),(761,147,1,'2022-10-11 20:42:05','4025000051604314',700,'2',29.227557411273,700,0,23.95,2,'BOMBA 1 STA FE',77,31238.78,0),(762,156,1,'2022-10-13 17:26:44','4025000055024864',936,'1',41.618497109827,936,0,22.49,2,'BOMBA 1 STA FE',81,1064,0);

/*Table structure for table `tarjeta_estacion` */

DROP TABLE IF EXISTS `tarjeta_estacion`;

CREATE TABLE `tarjeta_estacion` (
  `folio_estaciontarjeta` int(11) NOT NULL AUTO_INCREMENT,
  `folio_tarjeta` int(9) NOT NULL,
  `folio_estacion` int(9) NOT NULL,
  PRIMARY KEY (`folio_estaciontarjeta`)
) ENGINE=MyISAM AUTO_INCREMENT=1670 DEFAULT CHARSET=utf8;

/*Data for the table `tarjeta_estacion` */

insert  into `tarjeta_estacion`(`folio_estaciontarjeta`,`folio_tarjeta`,`folio_estacion`) values (1408,191,6),(1407,191,5),(1406,191,4),(1405,191,3),(1404,191,2),(1403,191,1),(1402,190,7),(1401,190,6),(1400,190,5),(1399,190,4),(1398,190,3),(1397,190,2),(1396,190,1),(1395,189,7),(1394,189,6),(1393,189,5),(1392,189,4),(1391,189,3),(1390,189,2),(1389,189,1),(1388,188,7),(1387,188,6),(1386,188,5),(1385,188,4),(1384,188,3),(1383,188,2),(1382,188,1),(1381,187,7),(1380,187,6),(1379,187,5),(1378,187,4),(1377,187,3),(1376,187,2),(1375,187,1),(1374,186,7),(1373,186,6),(1372,186,5),(1371,186,4),(1370,186,3),(1369,186,2),(1368,186,1),(1367,185,7),(1366,185,2),(1365,184,7),(1364,184,2),(1363,183,7),(1362,183,2),(1361,182,7),(1360,182,2),(1359,181,7),(1358,181,2),(1357,180,7),(1356,180,6),(1355,180,5),(1354,180,4),(1353,180,3),(1352,180,2),(1351,180,1),(1350,179,7),(1349,179,2),(1348,178,7),(1347,178,2),(1346,177,7),(1345,177,6),(1344,177,5),(1343,177,4),(1342,177,3),(1341,177,2),(1340,177,1),(1437,176,7),(1436,176,6),(1435,176,5),(1434,176,4),(1433,176,3),(1432,176,2),(1431,176,1),(1332,175,7),(1577,174,7),(1576,174,6),(1575,174,5),(1574,174,4),(1573,174,3),(1572,174,2),(1571,174,1),(1570,173,7),(1569,173,6),(1568,173,5),(1567,173,4),(1566,173,3),(1565,173,2),(1564,173,1),(1648,172,7),(1647,172,6),(1646,172,5),(1645,172,4),(1644,172,3),(1643,172,2),(1642,172,1),(1556,171,7),(1555,171,6),(1554,171,5),(1553,171,4),(1552,171,3),(1551,171,2),(1550,171,1),(1549,170,7),(1548,170,6),(1547,170,5),(1546,170,4),(1545,170,3),(1544,170,2),(1543,170,1),(1542,169,7),(1541,169,6),(1540,169,5),(1539,169,4),(1538,169,3),(1537,169,2),(1536,169,1),(1535,168,7),(1534,168,6),(1533,168,5),(1532,168,4),(1531,168,3),(1530,168,2),(1529,168,1),(1528,167,7),(1527,167,6),(1526,167,5),(1525,167,4),(1524,167,3),(1523,167,2),(1522,167,1),(1521,166,7),(1520,166,6),(1519,166,5),(1518,166,4),(1517,166,3),(1516,166,2),(1515,166,1),(1514,165,7),(1513,165,6),(1512,165,5),(1511,165,4),(1510,165,3),(1509,165,2),(1508,165,1),(1507,164,7),(1506,164,6),(1505,164,5),(1504,164,4),(1503,164,3),(1502,164,2),(1501,164,1),(1500,163,7),(1499,163,6),(1498,163,5),(1497,163,4),(1496,163,3),(1495,163,2),(1494,163,1),(1493,162,7),(1492,162,6),(1491,162,5),(1490,162,4),(1489,162,3),(1488,162,2),(1487,162,1),(1486,161,7),(1485,161,6),(1484,161,5),(1483,161,4),(1482,161,3),(1481,161,2),(1480,161,1),(1444,160,7),(1443,160,6),(1442,160,5),(1441,160,4),(1440,160,3),(1439,160,2),(1438,160,1),(1451,159,7),(1450,159,6),(1449,159,5),(1448,159,4),(1447,159,3),(1446,159,2),(1445,159,1),(1458,158,7),(1457,158,6),(1456,158,5),(1455,158,4),(1454,158,3),(1453,158,2),(1452,158,1),(1465,157,7),(1464,157,6),(1463,157,5),(1462,157,4),(1461,157,3),(1460,157,2),(1459,157,1),(1479,156,7),(1478,156,6),(1477,156,5),(1476,156,4),(1475,156,3),(1474,156,2),(1473,156,1),(1472,155,7),(1471,155,6),(1470,155,5),(1469,155,4),(1468,155,3),(1467,155,2),(1466,155,1),(1662,154,7),(1661,154,6),(1660,154,5),(1659,154,4),(1658,154,3),(1657,154,2),(1656,154,1),(1430,153,7),(1429,153,6),(1428,153,5),(1427,153,4),(1426,153,3),(1425,153,2),(1424,153,1),(1584,152,7),(1583,152,6),(1582,152,5),(1581,152,4),(1580,152,3),(1579,152,2),(1578,152,1),(1591,151,7),(1590,151,6),(1589,151,5),(1588,151,4),(1587,151,3),(1586,151,2),(1585,151,1),(1598,150,7),(1597,150,6),(1596,150,5),(1595,150,4),(1594,150,3),(1593,150,2),(1592,150,1),(1605,149,7),(1604,149,6),(1603,149,5),(1602,149,4),(1601,149,3),(1600,149,2),(1599,149,1),(1619,148,7),(1618,148,6),(1617,148,5),(1616,148,4),(1615,148,3),(1614,148,2),(1613,148,1),(1612,147,7),(1611,147,6),(1610,147,5),(1609,147,4),(1608,147,3),(1607,147,2),(1606,147,1),(1626,146,7),(1625,146,6),(1624,146,5),(1623,146,4),(1622,146,3),(1621,146,2),(1620,146,1),(1633,145,7),(1632,145,6),(1631,145,5),(1630,145,4),(1629,145,3),(1628,145,2),(1627,145,1),(1634,144,7),(1120,143,7),(1118,142,7),(1117,141,7),(1116,141,6),(1115,141,5),(1104,140,7),(1103,140,6),(1102,140,5),(1101,140,4),(1100,140,3),(1099,140,2),(1098,140,1),(1114,141,4),(1113,141,3),(1112,141,2),(1111,141,1),(1107,139,7),(1106,139,6),(1105,139,5),(1110,138,7),(1109,138,6),(1108,138,1),(1409,191,7),(1410,192,1),(1411,192,2),(1412,192,3),(1413,192,4),(1414,192,5),(1415,192,6),(1416,192,7),(1635,193,1),(1636,193,2),(1637,193,3),(1638,193,4),(1639,193,5),(1640,193,6),(1641,193,7),(1663,194,1),(1664,194,2),(1665,194,3),(1666,194,4),(1667,194,5),(1668,194,6),(1669,194,7);

/*Table structure for table `tarjeta_producto` */

DROP TABLE IF EXISTS `tarjeta_producto`;

CREATE TABLE `tarjeta_producto` (
  `folio_tar_prod` int(11) NOT NULL AUTO_INCREMENT,
  `folio_tarjeta` int(11) NOT NULL,
  `folio_producto` int(11) NOT NULL,
  PRIMARY KEY (`folio_tar_prod`)
) ENGINE=MyISAM AUTO_INCREMENT=992 DEFAULT CHARSET=utf8;

/*Data for the table `tarjeta_producto` */

insert  into `tarjeta_producto`(`folio_tar_prod`,`folio_tarjeta`,`folio_producto`) values (929,167,3),(928,167,2),(927,167,1),(926,166,3),(925,166,2),(924,166,1),(923,165,3),(922,165,2),(921,165,1),(920,164,3),(919,164,2),(918,164,1),(917,163,3),(916,163,2),(915,163,1),(914,162,3),(913,162,2),(912,162,1),(911,161,3),(910,161,2),(909,161,1),(893,160,3),(892,160,2),(891,160,1),(896,159,3),(895,159,2),(894,159,1),(899,158,3),(898,158,2),(897,158,1),(902,157,3),(901,157,2),(900,157,1),(908,156,3),(907,156,2),(906,156,1),(905,155,3),(904,155,2),(903,155,1),(988,154,3),(987,154,2),(986,154,1),(887,153,3),(886,153,2),(885,153,1),(953,152,3),(952,152,2),(951,152,1),(956,151,3),(955,151,2),(954,151,1),(959,150,3),(958,150,2),(932,168,3),(931,168,2),(957,150,1),(962,149,3),(961,149,2),(960,149,1),(990,194,2),(968,148,3),(967,148,2),(966,148,1),(991,194,3),(965,147,3),(964,147,2),(963,147,1),(989,194,1),(971,146,3),(970,146,2),(969,146,1),(979,193,2),(974,145,3),(973,145,2),(972,145,1),(978,193,1),(977,144,3),(976,144,2),(975,144,1),(731,143,3),(729,142,3),(728,141,4),(727,141,3),(726,141,2),(725,141,1),(718,140,4),(717,140,3),(716,140,2),(715,140,1),(722,139,4),(721,139,3),(720,139,2),(719,139,1),(724,138,2),(723,138,1),(930,168,1),(935,169,3),(934,169,2),(933,169,1),(938,170,3),(937,170,2),(936,170,1),(941,171,3),(940,171,2),(939,171,1),(982,172,3),(981,172,2),(980,172,1),(947,173,3),(946,173,2),(945,173,1),(950,174,3),(949,174,2),(948,174,1),(856,175,3),(890,176,3),(889,176,2),(888,176,1),(861,177,1),(862,177,2),(863,178,3),(864,179,3),(865,180,1),(866,181,3),(867,182,3),(868,183,3),(869,184,3),(870,185,3),(871,186,1),(872,187,1),(873,188,1),(874,189,1),(875,189,2),(876,190,1),(877,190,2),(878,191,1),(879,191,2),(880,192,1),(881,192,2);

/*Table structure for table `tarjetas` */

DROP TABLE IF EXISTS `tarjetas`;

CREATE TABLE `tarjetas` (
  `folio` int(11) NOT NULL AUTO_INCREMENT,
  `idcliente` int(11) NOT NULL,
  `notarjeta` varchar(25) NOT NULL,
  `idplaca` int(11) NOT NULL,
  `activo` int(11) NOT NULL,
  `tipo` int(11) NOT NULL,
  `horarioinicial` time NOT NULL,
  `horariofinal` time NOT NULL,
  `lunes` tinyint(1) DEFAULT NULL,
  `martes` tinyint(1) DEFAULT NULL,
  `miercoles` tinyint(1) DEFAULT NULL,
  `jueves` tinyint(1) DEFAULT NULL,
  `viernes` tinyint(1) DEFAULT NULL,
  `sabado` tinyint(1) DEFAULT NULL,
  `domingo` tinyint(1) DEFAULT NULL,
  `limitedinero` double NOT NULL,
  `limitelitros` double NOT NULL,
  `tipoperiodo` int(11) NOT NULL,
  `nip` varchar(4) NOT NULL,
  `tipolimite` int(11) DEFAULT NULL,
  PRIMARY KEY (`folio`)
) ENGINE=MyISAM AUTO_INCREMENT=195 DEFAULT CHARSET=utf8;

/*Data for the table `tarjetas` */

insert  into `tarjetas`(`folio`,`idcliente`,`notarjeta`,`idplaca`,`activo`,`tipo`,`horarioinicial`,`horariofinal`,`lunes`,`martes`,`miercoles`,`jueves`,`viernes`,`sabado`,`domingo`,`limitedinero`,`limitelitros`,`tipoperiodo`,`nip`,`tipolimite`) values (160,148,'4025000043660364',83,1,1,'00:00:00','23:59:00',1,1,1,1,1,1,1,600,0,2,'',2),(159,148,'4025000037402334',82,1,1,'00:00:00','23:59:00',1,1,1,1,1,1,1,600,0,2,'',2),(158,148,'4025000084678814',81,1,1,'00:00:00','23:59:00',1,1,1,1,1,1,1,3000,0,4,'',2),(157,148,'4025000010817104',80,1,1,'00:00:00','23:59:00',1,1,1,1,1,1,1,3500,0,4,'',2),(155,148,'4025000018166774',78,1,1,'00:00:00','23:59:00',1,1,1,1,1,1,1,3000,0,4,'',2),(154,156,'4025000061801674',77,1,1,'00:00:00','23:59:00',1,1,1,1,1,1,1,2000,0,4,'',2),(152,147,'4025000047608674',75,1,1,'00:00:00','23:59:00',1,1,1,1,1,1,1,300,0,2,'',2),(151,147,'4025000057817524',74,1,1,'00:00:00','23:59:00',1,1,1,1,1,1,1,2500,0,4,'',2),(150,147,'4025000030440134',73,1,1,'00:00:00','23:59:00',1,1,1,1,1,1,1,2500,0,4,'',2),(149,147,'4025000051604314',72,1,1,'00:00:00','23:59:00',1,1,1,1,1,1,1,2500,0,4,'',2),(147,147,'4025000078365254',70,1,1,'00:00:00','23:59:00',1,1,1,1,1,1,1,1600,0,4,'',2),(148,147,'4025000016150484',71,1,1,'00:00:00','23:59:00',1,1,1,1,1,1,1,5000,0,4,'',2),(146,147,'4025000048076884',69,1,1,'00:00:00','23:59:00',1,1,1,1,1,1,1,6000,0,4,'',2),(156,148,'4025000066857744',79,1,1,'00:00:00','23:59:00',1,1,1,1,1,1,1,2000,0,4,'',2),(145,147,'4025000045813244',67,1,1,'00:00:00','23:59:00',1,1,1,1,1,1,1,5000,0,4,'',2),(144,147,'4025000075330624',66,1,1,'00:00:00','23:59:00',1,1,1,1,1,1,1,1000,0,4,'',2),(143,147,'4025000025187584',64,1,1,'00:00:00','23:59:00',1,1,1,1,1,1,1,10000,0,4,'',2),(142,147,'4025000081466804',63,1,1,'00:00:00','23:59:00',1,1,1,1,1,1,1,10000,0,1,'',2),(153,156,'4025000055024864',76,1,1,'00:00:00','23:59:00',1,1,1,1,1,1,1,2000,0,4,'',2),(193,148,'4025000088807225',116,1,1,'00:00:00','23:59:00',1,1,1,1,1,1,1,2000,0,4,'',2),(194,145,'4025000088807226',117,1,1,'01:00:00','12:53:00',1,1,1,1,1,1,1,1500,0,0,'',2),(161,148,'4025000088807224',84,1,1,'00:00:00','23:59:00',1,1,1,1,1,1,1,2500,0,4,'',2),(162,148,'4025000038114584',85,1,1,'00:00:00','23:59:00',1,1,1,1,1,1,1,2500,0,4,'',2),(163,148,'4025000045702324',86,1,1,'00:00:00','23:59:00',1,1,1,1,1,1,1,2500,0,4,'',2),(164,148,'4025000064032204',87,1,1,'00:00:00','23:59:00',1,1,1,1,1,1,1,1500,0,4,'',2),(165,148,'4025000052707004',88,1,1,'00:00:00','23:59:00',1,1,1,1,1,1,1,1000,0,4,'',2),(166,148,'4025000045462074',89,1,1,'00:00:00','23:59:00',1,1,1,1,1,1,1,3000,0,4,'',2),(167,148,'4025000046334014',90,1,1,'00:00:00','23:59:00',1,1,1,1,1,1,1,2000,0,4,'',2),(168,148,'4025000041451564',91,1,1,'00:00:00','23:59:00',1,1,1,1,1,1,1,3000,0,4,'',2),(169,148,'4025000076466354',92,1,1,'00:00:00','23:59:00',1,1,1,1,1,1,1,1500,0,4,'',2),(170,148,'4025000017512614',93,1,1,'00:00:00','23:59:00',1,1,1,1,1,1,1,2500,0,4,'',2),(171,148,'4025000006667384',94,1,1,'00:00:00','23:59:00',1,1,1,1,1,1,1,500,0,4,'',2),(172,148,'4025000055282454',95,1,1,'00:00:00','23:59:00',1,1,1,1,1,1,1,4000,0,4,'',2),(173,148,'4025000033383774',96,1,1,'00:00:00','23:59:00',1,1,1,1,1,1,1,1500,0,4,'',2),(174,148,'4025000013767144',97,1,1,'00:00:00','23:59:00',1,1,1,1,1,1,1,1500,0,4,'',2),(175,150,'4025000031704234',98,1,1,'00:00:00','23:59:00',1,1,1,1,1,1,1,10000,0,4,'',2),(176,149,'4025000001310284',99,1,1,'00:00:00','23:59:00',1,1,1,1,1,1,1,1000,0,4,'',2),(177,149,'4025000031758384',100,1,1,'00:00:00','23:59:00',1,1,1,1,1,1,1,3000,0,4,'',2),(178,149,'4025000088737574',101,1,1,'00:00:00','23:59:00',1,1,1,1,1,1,1,0,950,4,'',1),(179,149,'4025000084323604',102,1,1,'00:00:00','23:59:00',1,1,1,1,1,1,1,0,920,4,'',1),(180,149,'4025000010850444',103,1,1,'00:00:00','23:59:00',1,1,1,1,1,1,1,0,80,4,'',1),(181,149,'4025000087105074',104,1,1,'00:00:00','23:59:00',1,1,1,1,1,1,1,0,550,4,'',1),(182,149,'4025000087238504',105,1,1,'00:00:00','23:59:00',1,1,1,1,1,1,1,0,550,4,'',1),(183,149,'4025000043724234',106,1,1,'00:00:00','23:59:00',1,1,1,1,1,1,1,0,1100,4,'',1),(184,149,'4025000034337824',107,1,1,'00:00:00','23:59:00',1,1,1,1,1,1,1,0,950,4,'',1),(185,149,'4025000025175234',108,1,1,'00:00:00','23:59:00',1,1,1,1,1,1,1,0,950,4,'',1),(186,149,'4025000086502354',109,1,1,'00:00:00','23:59:00',1,1,1,1,1,1,1,0,550,4,'',1),(187,149,'4025000030817724',110,1,1,'00:00:00','23:59:00',1,1,1,1,1,1,1,3500,0,4,'',2),(188,149,'4025000042078744',111,1,1,'00:00:00','23:59:00',1,1,1,1,1,1,1,6000,0,4,'',2),(189,149,'4025000025674064',112,1,1,'00:00:00','23:59:00',1,1,1,1,1,1,1,2000,0,4,'',2),(190,149,'4025000055685734',113,1,1,'00:00:00','23:59:00',1,1,1,1,1,1,1,3000,0,4,'',2),(191,149,'4025000013075374',114,1,1,'00:00:00','23:59:00',1,1,1,1,1,1,1,1500,0,4,'',2),(192,149,'4025000006078714',115,1,1,'00:00:00','23:59:00',1,1,1,1,1,1,1,1500,0,4,'',2);

/*Table structure for table `timbres` */

DROP TABLE IF EXISTS `timbres`;

CREATE TABLE `timbres` (
  `f_t` int(11) NOT NULL AUTO_INCREMENT,
  `fecha` timestamp NOT NULL DEFAULT CURRENT_TIMESTAMP ON UPDATE CURRENT_TIMESTAMP,
  `folio_fac` int(15) DEFAULT NULL,
  `folio_comple` int(15) DEFAULT NULL,
  PRIMARY KEY (`f_t`)
) ENGINE=MyISAM DEFAULT CHARSET=utf8;

/*Data for the table `timbres` */

/*Table structure for table `tipopago` */

DROP TABLE IF EXISTS `tipopago`;

CREATE TABLE `tipopago` (
  `folio` int(11) NOT NULL AUTO_INCREMENT,
  `Tipo` int(11) NOT NULL,
  `metodoPrepago` varchar(20) DEFAULT NULL,
  `periodoCredito` int(11) DEFAULT NULL,
  `limiteCredito` double DEFAULT NULL,
  `idcliente` int(11) DEFAULT NULL,
  PRIMARY KEY (`folio`)
) ENGINE=MyISAM AUTO_INCREMENT=101 DEFAULT CHARSET=utf8;

/*Data for the table `tipopago` */

insert  into `tipopago`(`folio`,`Tipo`,`metodoPrepago`,`periodoCredito`,`limiteCredito`,`idcliente`) values (100,0,NULL,0,0,158),(99,0,NULL,0,0,157),(98,0,NULL,0,0,156),(96,0,NULL,0,0,154),(97,0,NULL,0,0,155),(95,0,NULL,0,0,153),(94,0,NULL,0,0,152),(93,0,NULL,0,0,151),(92,1,NULL,30,20000,150),(91,0,NULL,0,0,149),(90,0,NULL,0,0,148),(89,0,NULL,0,0,147),(88,1,NULL,15,10000,146),(87,0,'undefined',0,0,145);

/*Table structure for table `tipotarjeta` */

DROP TABLE IF EXISTS `tipotarjeta`;

CREATE TABLE `tipotarjeta` (
  `id` int(11) NOT NULL AUTO_INCREMENT,
  `tipo` varchar(50) DEFAULT NULL,
  PRIMARY KEY (`id`)
) ENGINE=MyISAM AUTO_INCREMENT=4 DEFAULT CHARSET=utf8;

/*Data for the table `tipotarjeta` */

insert  into `tipotarjeta`(`id`,`tipo`) values (1,'Tarjeta'),(2,'Calca'),(3,'RFID');

/*Table structure for table `usuarios` */

DROP TABLE IF EXISTS `usuarios`;

CREATE TABLE `usuarios` (
  `idusuario` int(11) NOT NULL AUTO_INCREMENT,
  `idclienteusu` int(11) DEFAULT NULL,
  `usuario` varchar(45) NOT NULL,
  `contrasena` varchar(25) NOT NULL,
  `tipo` int(11) NOT NULL,
  `nombre` varchar(25) NOT NULL,
  `activo` int(2) NOT NULL,
  `grupousu` int(11) NOT NULL,
  PRIMARY KEY (`idusuario`),
  KEY `usuarios_ibfk_1` (`idclienteusu`),
  CONSTRAINT `usuarios_ibfk_1` FOREIGN KEY (`idclienteusu`) REFERENCES `clientes` (`idcliente`)
) ENGINE=InnoDB AUTO_INCREMENT=60 DEFAULT CHARSET=utf8;

/*Data for the table `usuarios` */

insert  into `usuarios`(`idusuario`,`idclienteusu`,`usuario`,`contrasena`,`tipo`,`nombre`,`activo`,`grupousu`) values (1,NULL,'Admin2','Admin',1,'Mario',1,1),(2,NULL,'Mario','Mario',1,'Mario',0,0),(58,NULL,'Admin','Admin22@#',2,'Administrador',1,0),(59,NULL,'sistemas@grupopetromar.com','petromar',2,'Edyair',1,0);

/*Table structure for table `usuariosweb` */

DROP TABLE IF EXISTS `usuariosweb`;

CREATE TABLE `usuariosweb` (
  `idusuarioweb` int(11) NOT NULL AUTO_INCREMENT,
  `idclienteweb` int(11) NOT NULL,
  `usuario` varchar(30) DEFAULT NULL,
  `contrasena` varchar(30) DEFAULT NULL,
  `nombreweb` varchar(50) DEFAULT NULL,
  `tipo` int(11) DEFAULT NULL,
  `administracion` int(11) DEFAULT NULL,
  `reportes` int(11) DEFAULT NULL,
  `graficas` int(11) DEFAULT NULL,
  `seguridad` int(11) DEFAULT NULL,
  `activo` int(11) DEFAULT '1',
  PRIMARY KEY (`idusuarioweb`)
) ENGINE=MyISAM AUTO_INCREMENT=890 DEFAULT CHARSET=utf8;

/*Data for the table `usuariosweb` */

insert  into `usuariosweb`(`idusuarioweb`,`idclienteweb`,`usuario`,`contrasena`,`nombreweb`,`tipo`,`administracion`,`reportes`,`graficas`,`seguridad`,`activo`) values (889,148,'petromar','petromar','Petromar Pueba',1,NULL,NULL,NULL,NULL,1),(888,146,'Credito','Credito','Credito',1,NULL,NULL,NULL,NULL,0),(886,145,'Mary','Mary','Mary',1,NULL,NULL,NULL,NULL,1),(887,145,'111','111','111',1,NULL,NULL,NULL,NULL,1);

/*Table structure for table `vehiculos` */

DROP TABLE IF EXISTS `vehiculos`;

CREATE TABLE `vehiculos` (
  `idvehiculo` int(11) NOT NULL AUTO_INCREMENT,
  `idcliente` int(11) NOT NULL,
  `modelo` varchar(40) NOT NULL,
  `ano` varchar(4) NOT NULL,
  `placas` varchar(20) NOT NULL,
  `noeconomico` varchar(30) NOT NULL,
  `tipovehiculo` int(11) NOT NULL,
  `idtarjeta` varchar(25) NOT NULL,
  `centrocosto` varchar(20) DEFAULT NULL,
  `controlaodometro` int(11) DEFAULT NULL,
  `kmmax` double DEFAULT NULL,
  `variacion` double DEFAULT NULL,
  `odometro` double DEFAULT NULL,
  `rendimiento` double DEFAULT NULL,
  `activo` int(11) NOT NULL,
  `chofer` int(11) DEFAULT NULL,
  `kmmin` double DEFAULT '1',
  PRIMARY KEY (`idvehiculo`),
  KEY `vehiculos_ibfk_1` (`idcliente`),
  CONSTRAINT `vehiculos_ibfk_1` FOREIGN KEY (`idcliente`) REFERENCES `clientes` (`idcliente`)
) ENGINE=InnoDB AUTO_INCREMENT=118 DEFAULT CHARSET=utf8;

/*Data for the table `vehiculos` */

insert  into `vehiculos`(`idvehiculo`,`idcliente`,`modelo`,`ano`,`placas`,`noeconomico`,`tipovehiculo`,`idtarjeta`,`centrocosto`,`controlaodometro`,`kmmax`,`variacion`,`odometro`,`rendimiento`,`activo`,`chofer`,`kmmin`) values (63,147,'PIPA 147','0000','PIPA 147','PIPA 147',1,'142',NULL,1,NULL,NULL,NULL,NULL,1,NULL,1),(64,147,'PIPA 148','0000','PIPA 148','PIPA 148',1,'143',NULL,1,NULL,NULL,NULL,NULL,1,NULL,1),(66,147,'GASTOS EN GENERAL','0000','GASTOS','GASTOS',1,'144',NULL,0,NULL,NULL,NULL,NULL,1,NULL,0),(67,147,'SRA. NELY OSUNA','0000','SRA. NELY','SRA. NELY',1,'145',NULL,0,NULL,NULL,NULL,NULL,1,NULL,0),(69,147,'DR. RAMIRO OSUNA','0000','DR. RAMIRO OSUNA','DR. RAMIRO OSUNA',1,'146',NULL,0,NULL,NULL,NULL,NULL,1,NULL,0),(70,147,'NICOLAS','0000','NICOLAS','NICOLAS',1,'147',NULL,0,NULL,NULL,NULL,NULL,1,NULL,0),(71,147,'LIC. ROXANA OLIVAS','0000','LIC. ROXANA OLIVAS','LIC. ROXANA OLIVAS',1,'148',NULL,0,NULL,NULL,NULL,NULL,1,NULL,0),(72,147,'FRANCISCO PIÑA','0000','FRANCISOC PIÑA','FRANCISCO PIÑA',1,'149',NULL,0,NULL,NULL,NULL,NULL,1,NULL,0),(73,147,'JESUS LIZARRAGA','0000','JESUS LIZARRAGA','JESUS LIZARRAGA',1,'150',NULL,0,NULL,NULL,NULL,NULL,1,NULL,0),(74,147,'MARLENNE PAEZ','0000','MARLENNE PAEZ','MARLENNE PAEZ',1,'151',NULL,0,NULL,NULL,NULL,NULL,1,NULL,0),(75,147,'CRISTHIAN CARDENAS','0000','CRISTHIAN','CRISTHIAN',1,'152',NULL,0,NULL,NULL,NULL,NULL,1,NULL,0),(76,156,'MARIBEL','0000','MARIBEL','MARIBEL',1,'153',NULL,0,NULL,NULL,NULL,NULL,1,NULL,0),(77,156,'ALBERTO','0000','ALBERTO','ALBERTO',1,'154',NULL,0,NULL,NULL,NULL,NULL,1,NULL,0),(78,148,'VERSA BLANCO','0000','VERSA BLANCO','VERSA BLANCO',1,'155',NULL,1,NULL,NULL,17770,NULL,1,NULL,1),(79,148,'GASTOS ','0000','GASTOS ','GASTOS ',1,'156',NULL,0,NULL,NULL,NULL,NULL,1,NULL,0),(80,148,'ESTAQUITAS','0000','ESTAQUITAS','ESTAQUITAS',1,'157',NULL,1,NULL,NULL,NULL,NULL,1,NULL,1),(81,148,'VERSA GRIS (RH)','0000','VERSA GRIS (RH)','VERSA GRIS (RH)',1,'158',NULL,1,NULL,NULL,174023,NULL,1,NULL,1),(82,148,'MARTINA','0000','MARTINA','MARTINA',1,'159',NULL,0,NULL,NULL,NULL,NULL,1,NULL,0),(83,148,'KARLA (BAÑOS)','0000','KARLA (BAÑOS)','KARLA (BAÑOS)',1,'160',NULL,0,NULL,NULL,NULL,NULL,1,NULL,0),(84,148,'LEONARDO RUIZ','0000','LEONARDO RUIZ','LEONARDO RUIZ',1,'161',NULL,0,NULL,NULL,NULL,NULL,1,NULL,0),(85,148,'MARCH 1 (ISKIAN)','0000','MARCH 1 (ISKIAN)','MARCH 1 (ISKIAN)',1,'162',NULL,1,NULL,NULL,NULL,NULL,1,NULL,1),(86,148,'MARCH 6 (SISTEMAS)','0000','MARCH 6 (SISTEMAS)','MARCH 6 (SISTEMAS)',1,'163',NULL,1,NULL,NULL,42015,NULL,1,NULL,1),(87,148,'LORENZO RAYGOZA','0000','LORENZO RAYGOZA','LORENZO RAYGOZA',1,'164',NULL,0,NULL,NULL,NULL,NULL,1,NULL,0),(88,148,'MOTO OFICINA','0000','MOTO OFICINA','MOTO OFICINA',1,'165',NULL,1,NULL,NULL,2571,NULL,1,NULL,1),(89,148,'VENTO BLANCO','0000','VENTO BLANCO','VENTO BLANCO',1,'166',NULL,1,NULL,NULL,NULL,NULL,1,NULL,1),(90,148,'ZULEMA LOPEZ','0000','ZULEMA LOPEZ','ZULEMA LOPEZ',1,'167',NULL,0,NULL,NULL,NULL,NULL,1,NULL,0),(91,148,'RAM (DOMINGO)','0000','RAM (DOMINGO)','RAM (DOMINGO)',1,'168',NULL,1,NULL,NULL,29999,NULL,1,NULL,1),(92,148,'ELIA RAMOS','0000','ELIA RAMOS','ELIA RAMOS',1,'169',NULL,0,NULL,NULL,NULL,NULL,1,NULL,0),(93,148,'ELOY SANCHEZ','0000','ELOY SANCHEZ','ELOY SANCHEZ',1,'170',NULL,0,NULL,NULL,NULL,NULL,1,NULL,0),(94,148,'BATALLON (CORTESIA)','0000','BATALLON (CORTESIA)','BATALLON (CORTESIA)',1,'171',NULL,0,NULL,NULL,NULL,NULL,1,NULL,0),(95,148,'MERCEDES BENZ','0000','MERCEDES BENZ','MERCEDES BENZ',1,'172',NULL,0,NULL,NULL,NULL,NULL,1,NULL,0),(96,148,'JESSICA GUADALUPE','0000','JESSICA GUADALUPE','JESSICA GUADALUPE',1,'173',NULL,0,NULL,NULL,NULL,NULL,1,NULL,0),(97,148,'GILDARDO EMMANUEL','0000','GILDARDO EMMANUEL','GILDARDO EMMANUEL',1,'174',NULL,0,NULL,NULL,NULL,NULL,1,NULL,0),(98,150,'PIPA 0736','0000','PIPA 0736','PIPA 0736',1,'175',NULL,1,NULL,NULL,NULL,NULL,1,NULL,1),(99,149,'GASTOS ','0000','GASTOS','GASTOS',1,'176',NULL,0,NULL,NULL,NULL,NULL,1,NULL,0),(100,149,'SAVEIRO','0000','SAVEIRO','SAVEIRO',1,'177',NULL,1,NULL,NULL,NULL,NULL,1,NULL,1),(101,149,'PIPA 1','0000','PIPA 1','PIPA 1',1,'178',NULL,1,NULL,NULL,NULL,NULL,1,NULL,1),(102,149,'PIPA 2','0000','PIPA 2','PIPA 2',1,'179',NULL,1,NULL,NULL,NULL,NULL,1,NULL,1),(103,149,'PIPA 3','0000','PIPA 3','PIPA 3',1,'180',NULL,1,NULL,NULL,NULL,NULL,1,NULL,1),(104,149,'PIPA 4','0000','PIPA 4','PIPA 4',1,'181',NULL,1,NULL,NULL,NULL,NULL,1,NULL,1),(105,149,'PIPA 5','0000','PIPA 5','PIPA 5',1,'182',NULL,1,NULL,NULL,NULL,NULL,1,NULL,1),(106,149,'PIPA 6','0000','PIPA 6','PIPA 6',1,'183',NULL,1,NULL,NULL,NULL,NULL,1,NULL,1),(107,149,'PIPA 7','0000','PIPA 7','PIPA 7',1,'184',NULL,1,NULL,NULL,NULL,NULL,1,NULL,1),(108,149,'PIPA 8','0000','PIPA 8','PIPA 8',1,'185',NULL,1,NULL,NULL,NULL,NULL,1,NULL,1),(109,149,'HIACE','0000','HIACE','HIACE',1,'186',NULL,1,NULL,NULL,NULL,NULL,1,NULL,1),(110,149,'ESTAQUITAS','0000','ESTAQUITAS','ESTAQUITAS',1,'187',NULL,1,NULL,NULL,NULL,NULL,1,NULL,1),(111,149,'MARCH 5','0000','MARCH 5','MARCH 5',1,'188',NULL,1,NULL,NULL,NULL,NULL,1,NULL,1),(112,149,'LUIS ARAMBURO','0000','LUIS ARAMBURO','LUIS ARAMBURO',1,'189',NULL,1,NULL,NULL,NULL,NULL,1,NULL,1),(113,149,'MARCO GONZALEZ','0000','MARCO GONZALEZ','MARCO GONZALEZ',1,'190',NULL,0,NULL,NULL,NULL,NULL,1,NULL,0),(114,149,'JAVIER CASTILLO','0000','JAVIER CASTILLO','JAVIER CASTILLO',1,'191',NULL,0,NULL,NULL,NULL,NULL,1,NULL,0),(115,149,'SAUL ALEXIS','0000','SAUL ALEXIS','SAUL ALEXIS',1,'192',NULL,0,NULL,NULL,NULL,NULL,1,NULL,0),(116,148,'ONOFRE','0000','ONOFRE','ONOFRE',1,'193',NULL,0,NULL,NULL,NULL,NULL,1,NULL,0),(117,145,'2022','2022','Prueba','1',1,'194',NULL,0,NULL,NULL,NULL,NULL,1,NULL,0);

/*Table structure for table `vehiculos_choferes` */

DROP TABLE IF EXISTS `vehiculos_choferes`;

CREATE TABLE `vehiculos_choferes` (
  `folio` int(11) NOT NULL AUTO_INCREMENT,
  `idvehiculo` int(11) DEFAULT NULL,
  `idchofer` int(11) DEFAULT NULL,
  PRIMARY KEY (`folio`)
) ENGINE=MyISAM AUTO_INCREMENT=81 DEFAULT CHARSET=utf8;

/*Data for the table `vehiculos_choferes` */

insert  into `vehiculos_choferes`(`folio`,`idvehiculo`,`idchofer`) values (44,81,86),(43,80,85),(42,79,84),(41,78,83),(40,77,82),(39,76,81),(38,75,80),(37,74,79),(36,73,78),(35,72,77),(34,71,76),(33,70,75),(32,69,74),(30,67,73),(29,66,72),(27,64,71),(26,63,70),(80,117,122),(79,116,121),(45,82,87),(46,83,88),(47,84,89),(48,85,90),(49,86,91),(50,87,92),(51,88,93),(52,89,94),(53,90,95),(54,91,96),(55,92,97),(56,93,98),(57,94,99),(58,95,100),(59,96,101),(60,97,102),(61,98,120),(62,99,103),(63,100,104),(64,101,105),(65,102,106),(66,103,107),(67,104,108),(68,105,109),(69,106,110),(70,107,111),(71,108,112),(72,109,113),(73,110,114),(74,111,115),(75,112,116),(76,113,117),(77,114,118),(78,115,119);

/* Trigger structure for table `abonos` */

DELIMITER $$

/*!50003 DROP TRIGGER*//*!50032 IF EXISTS */ /*!50003 `bitacora_abono` */$$

/*!50003 CREATE */ /*!50017 DEFINER = 'jkmpg7ol_sistemas'@'187.190.91.255' */ /*!50003 TRIGGER `bitacora_abono` AFTER INSERT ON `abonos` FOR EACH ROW BEGIN
    INSERT INTO bitacora (fecha, tipo, idcliente, descripcion) values(new.fecha, "4", new.IDclienteAbono, NEW.importeabono);
  END */$$


DELIMITER ;

/* Trigger structure for table `servicios` */

DELIMITER $$

/*!50003 DROP TRIGGER*//*!50032 IF EXISTS */ /*!50003 `bitacora_servicio` */$$

/*!50003 CREATE */ /*!50017 DEFINER = 'jkmpg7ol_sistemas'@'187.172.175.105' */ /*!50003 TRIGGER `bitacora_servicio` AFTER INSERT ON `servicios` FOR EACH ROW INSERT INTO  bitacora(fecha, tipo, idcliente, descripcion)       
VALUES(NOW(), "3", new.idcliente, CONCAT("Se realizó un servicio: ", FORMAT(new.litros,2)," Litros de ",(SELECT nombre FROM productos where folio=new.producto)," Importe $",FORMAT(new.importe,2))) */$$


DELIMITER ;

/* Trigger structure for table `tarjetas` */

DELIMITER $$

/*!50003 DROP TRIGGER*//*!50032 IF EXISTS */ /*!50003 `bitacora_tarjeta` */$$

/*!50003 CREATE */ /*!50017 DEFINER = 'jkmpg7ol_sistemas'@'187.172.19.4' */ /*!50003 TRIGGER `bitacora_tarjeta` AFTER UPDATE ON `tarjetas` FOR EACH ROW BEGIN
    INSERT INTO bitacora (fecha, tipo, idcliente, descripcion) values(CURRENT_TIMESTAMP, "1", new.idcliente, NEW.notarjeta);
  END */$$


DELIMITER ;

/* Trigger structure for table `vehiculos` */

DELIMITER $$

/*!50003 DROP TRIGGER*//*!50032 IF EXISTS */ /*!50003 `bitacora_vehiculo_update` */$$

/*!50003 CREATE */ /*!50017 DEFINER = 'jkmpg7ol_sistemas'@'187.172.19.4' */ /*!50003 TRIGGER `bitacora_vehiculo_update` AFTER UPDATE ON `vehiculos` FOR EACH ROW BEGIN
    INSERT INTO bitacora (fecha, tipo, idcliente, descripcion) values(current_timestamp,"2",new.idcliente,new.idtarjeta);
  END */$$


DELIMITER ;

/*!40101 SET SQL_MODE=@OLD_SQL_MODE */;
/*!40014 SET FOREIGN_KEY_CHECKS=@OLD_FOREIGN_KEY_CHECKS */;
/*!40014 SET UNIQUE_CHECKS=@OLD_UNIQUE_CHECKS */;
/*!40111 SET SQL_NOTES=@OLD_SQL_NOTES */;
